ID,Description,setSize,enrichmentScore,NES,pvalue,p.adjust,qvalues,rank,leading_edge,core_enrichment
EXH_dn,EXH_dn,739,0.18792734357117874,1.3070230531619758,9.999000099990002e-5,4.1919932928107315e-4,1.1031561296870345e-4,8242,"tags=38%, list=31%, signal=29%",Wdr31/Wdr31/Cdh23/Pcgf2/Egfl7/Il2ra/Pcgf2/Il2ra/Il2ra/Zfp870/Cpd/Cpd/Slc7a3/Pcgf2/Pcgf2/Pcgf2/Pcgf2/Wdr31/Egfl7/Myo10/Egfl7/Cdh23/Ptpn3/Ptpn3/Lta/Ptpn3/Fsbp/Egfl7/Egfl7/Serpine2/Ptpn3/Zfp870/Zfp870/Slc7a3/Pcsk4/Sh3bp2/Slc7a3/Slc7a3/Slc7a3/Myo10/Hist1h1d/Slc7a3/Hic1/Nebl/Pcsk4/Pcsk4/Pcsk4/Akap1/Gstt3/Spry1/Spry1/Spry1/Myo10/Sh3bp2/Pcsk4/Trip10/Myo10/Mfsd13a/Gstt3/Rad51b/Rad51b/Rad51b/Egfl7/Sh3bp2/Gstt3/Mfsd13a/Sh3bp2/Akap1/Nebl/Dctd/Sh3bp2/Myo10/Tnfrsf21/Nebl/Zfp72/Cpd/Dctd/Mfsd13a/Myo19/Gstt3/Ptpn3/Dctd/Akap1/Kdelc2/Nebl/1700030K09Rik/Dctd/Oxld1/Ssx2ip/Hic1/BC035044/Arhgdig/Arhgdig/Cdh23/Sh3bp2/Myo10/Wdr31/Il4i1/Kifc1/Kank3/Oxld1/Atp6v1g2/Hist1h3h/Rida/Zfp72/Myo19/Akap1/Tbc1d16/Sh3rf1/Tfb1m/Myo19/Lrrc51/Lrrc51/Akap1/Cdh23/Myo19/Myo19/Tfb1m/Rida/Tnfrsf21/Arhgdig/BC035044/Sh3rf1/Arhgef9/Rida/Mrpl45/Egfl7/Il4i1/Fgf2/Kifc1/Atp6v0a1/Fgr/Myo19/Soat2/B9d1/B9d1/Soat2/Mcrip2/Arhgef9/Atp6v0a1/Zfp94/Kifc1/Kifc1/Spata7/Zfp607b/Morn2/Morn2/Atp6v0a1/Atp6v0a1/Kdelc2/Fam162a/Angptl6/Gm3636/Trip10/Lrrc49/Serpine2/Mcrip2/Trip10/Mfsd13a/Mrpl45/Mcrip2/Mcrip2/Kifc1/Lrrc49/B9d1/Serpine2/Lrrc49/Wdr34/Ggnbp1/Ggnbp1/Mcrip2/Gm3604/Trip10/Trip10/Arhgef9/Lrrc49/Arhgef9/Gm3604/Lrrc49/Kifc1/Sh3rf1/Rxra/Gm3636/Tfpi/Arhgef9/Arhgef9/Fgf2/Kank3/Mcm8/Gm2237/Fgf2/Sqle/Zfp324/Trip10/Sqle/Sqle/Gm28557/Armc6/Arhgap21/Atp6v1g2/Serpine2/Zfp94/Cldn12/Zfp94/Zfp94/Sgsm3/Ldlr/Adat1/Cldn12/Egfl7/Cpne7/Cpne7/Cpne7/Pter/Zfp583/Kank3/Scarb1/Pde6g/Pde6g/Atp6v1g2/Zfp583/1700030K09Rik/Fgf2/Hist1h1a/1700030K09Rik/Sgsm3/Zfp583/Bivm/Pter/Tead3/Gm2237/Elmo3/Pter/Zfp324/Kank3/Zfp324/Zfp324/Armc6/Pter/Pter/Pter/Cldn12/Gm28557/Ldlr/Pafah2/Kank3/Cldn12/Zfp219/Rps19/Slc43a1/Pde6g/Slc43a1/Scarb1/Slc43a1/Rps19/Rps19/Tmtc3/Scarb1/Ldlr/Ldlr/Slc43a1/Tead3/Rps19/Zfp607b/Zfp219/Zfp219/Tead3/Tead3/Ldlr/Ybey/BC055324/Rps19/Gm29666/Zfp219/Lrrc51/Vegfb/Vegfb/Atp6v0a1/Fhl4/1700037C18Rik/Zcwpw1/Dpy19l1/Cdh23/Kank3/Kank3/Ssx2ip/Cdh23/AI854703/AI854703/Cbx2/Zfp583/Anxa9/Ldlr/Senp8/Il4i1/Adat1/Spag1/Sowahc/Arhgap21/Sqle/Bivm/Pafah2/Ssx2ip/Dclre1a/Senp8/Zfp583/Trip10/Senp8/Hspe1/Atp6v1g2/Nebl/Senp8/Scarb1/Ccdc137/Senp8/Rps19/Hspe1/Ccdc137/Gorasp1/Wdr34/Dhcr24/Tpst1/Scarb1/Mypop/Mypop/Abhd14a/Bivm/Pkp4/Myo10/Abhd14a/Abhd14a/Bivm/Ptprj/Tmtc3/Scarb1/Ccdc137/Sdc4/Rxra/Pla2g6/Scarb1/Pafah2/D130007C19Rik/Hist1h3e/6720489N17Rik/Scarb1/Scarb1/Scarb1/Armc6/Hist1h2be/Pafah2/Slc5a3/Armc6/Anxa9/Arhgap21/Fam162a/Fam162a/Fdps/Ccdc137/Cdh23/Zfp839/Stxbp1/Scarb1/Rxra/Tmtc3/Zfp607b/Myo10/Fdps/Zfp82/Uhrf1bp1/Zscan22/Sdc4/Fdps/Fdps/Pkd1l3/Zfp661/B9d1/Ccdc137/Il4i1/Zfp607b/Ptprj/Arhgap21/Gpm6b/Gpm6b/Ptprj/Ntrk3/Ybx3/Pkd1l3/6720489N17Rik/Pafah2/Ccdc137/Sgsm3/Arhgap21/Fam162a/Zscan22/Zscan22/BC055324/Il4i1/Prickle1/Zfp568/Myo10/Zscan22/Sgsm3/Uhrf1bp1/Trim46/Uhrf1bp1/Pla2g6/Dlg3/Trim46/St5/Gm28557/Immp2l/Ntrk3/Fgr/Pla2g6/Elmo3/Rxra/Lekr1/Gm28557/Tmtc3/Ybey/Fgr/Cep19/Aasdh/Zfp82/Plekha8/Pank1/Atp6v1g2/Cep19/Dclre1a/Stxbp1/Stxbp1/Il4i1/Elmo3/Ice2/Cep19/Zfp82/Tns1/Zfp59/Dclre1a/Ppp1r3e/Cyren/Mcm8/Trim46/Aldoc/Zfp59/Hus1/Rabl2/Rabl2/Rabl2/Hus1/Trim45/Homez/Zswim3/Pkd1l3/Rad9b/Lekr1/Fam124b/Cep78/Hus1/Tdrkh/Fuk/Pla2g6/Wdr35/Sirt4/BC055324/Cryzl2/Zfp82/Dph2/Cep78/Cep78/Dclre1a/Morn1/Fdps/Uhrf1bp1/Fhl4/Trim45/Cryzl2/Ppp1r14b/Ppp1r14b/Fuk/BC055324/Prickle1/Tdrkh/Tbc1d16/Zfp568/Nthl1/Nthl1/Nthl1/Lst1/Pla2g6/Pla2g6/Rabl2/Zbtb3/Elmo3/2700081O15Rik/Ntrk3/Tfb1m/Fndc3b/Plekha8/Tns1/Phf10/Dclre1a/Sgsm3/Tns1/Ybx3/Ybx3/Spink10/Stxbp1/Phf10/Fndc3b/Ppp1r14b/Rhbdd3/Abhd14a/Wdr34/Hemk1/Spink10/Vav2/Vav2/Dusp19/Ybx3/Rabl2/Cdon/Xylb/Morn1/Tfpi/Rhbdd3/Evi5/Mcph1/Rhbdd3/Rhbdd3/Zfp219/Fdps/BC055324/Wdsub1/Ngrn/Ngrn/Sgsm3/Tfpi/Arhgap21/Lins1/Zcwpw1/Ybx3/Pkp4/Pigw/Sgsm3/Zc3h8/Arid3a/Ccdc137/Arhgap21/Cyren/Cyren/Sirt4/Pank1/Pank1/Tdrkh/Cbx2/Cyren/Caskin2/Nfya/Tfpi/1700037C18Rik/St5/Zfp458/Zfp661/Fndc3b/Thap2/Spata7/Spata7/Dph2/Pip4k2b/Arhgap21/Thap2/Gm16867/Zswim9/Phf10/St5/Tecpr2/Cryzl2/Homez/Klhl8/Slc25a42/Slc25a42/Pigw/Dph2/Dph2/Ice2/Hist1h3f/Hus1/Hus1/Zswim9/Zbtb26/Zfp661/Foxk2/St5/Slc5a3/Pard6b/Trim41/Gm36298/Ppp1r14b/Sirt4/Fam124b/Maoa/Vav2/Zfp473/Agbl3/Lars2/Zmynd19/Sirt4/Spag1/Cep85l/Jrk/Gm3448/Rpl35/Pla2g6/Wdcp/Atp6v1g2/Phf10/Gtf2ird1/Enthd1/Rpl35/Rita1/Tfpi/Wdr89/Zfp458/Rad9b/Arhgap21/Arhgap21/Caskin2/Rpl35/Gm3468/Trim41/Id3/Gm3448/Zik1/Pank1/Tpst1/Csrp2/Csrp2/Aasdh/Foxk2/Slc12a2/Mta1/Wdcp/Trim3/Slc7a7/Diexf/Spag1/Dok3/Gorasp1/Pkp4/Gm16867/Ccr4/Zmynd19/Mta1/Mta1/Fpgs/Dclre1a/Ercc8/Zfp568/AI854703/Sav1/Neurl4/Gnaq/Zbtb26/Zbtb26/Ice2/Tpst1/St5/Wdcp/Ercc8/Srek1ip1/Ice2/Ggnbp1/AI854703/Rita1/Zfp759/Cfap54/Uba52/Uba52/Nfkbil1/Immp2l/Uba52/Myo10/Arid3a/Arid3a/Dlg3/Lekr1/Armc6/Sbf2/Rps5/Slc7a7/Cdv3/Dok3/Ribc1/Hemk1/Slc25a47/Zfp975/Ccdc173/Spag1/Enthd1/Ntrk3/Wdcp/Gm16867/Gnaq/Foxk2/Vapb/Mcph1/Slc25a47/Gm16867/Gm16867/Wdr35/Nfya/Tpst1/Irak1bp1/Zfp473/Nedd1/Homez/Hemk1/Lrp11/Gm16867/Hist1h2be/Gnaq/Rad9b/Hist1h2be/Zfp808/Sirt4/St6galnac6/Tns1/Zswim9/Zfp808/Fam126b/Zfp759/Id3/Uba52/Nedd1/Mtif2/Lins1/Jade3/Cfap300/Sdc1/Sfxn5/Abcb6/Irak1bp1/Agbl3/Ercc8/Lins1/Sdc1/Ice2/Nebl/Mcph1/Aasdh/Neurl4/Nfkbil1/Morn1/Cfap300/Mettl1/Fam71e1/St6galnac6/Hemk1/Efcab7/Hemk1/Wdcp/Furin/Armc6/Hsd3b7/Hsd3b7/Gtf2ird1/Glce/Agbl3/Rpl3/Neurl4/Dyrk3/Pla2g6/Zfp568/Ice2/Gas2/Diexf/Rpl14/Usp40/Elp6/Zfp808/AW146154/Slc7a7/Fbf1/Isoc2a/Sav1/Usp40/Nme4/Zfp808/Rpl13/Aasdh/Hsd3b7/Wdr35/Wdr35/Hsd3b7/Arhgap21/Dlg3/Nedd1/Aasdh/Srek1ip1/Fktn/Fktn/St6galnac6/Gm3448/St6galnac6/Nxn/Hemk1/Aasdh/Gm7435/Rps18/Mcph1/Mdn1/Tmem143/Id3/Fpgs/Lars2/1190007I07Rik/Ice2/Hsd3b7/Wdr35/Hsd3b7/1190007I07Rik/Prrg2/Fbf1/Nup205/Glce/Sfxn5/Ice2/Cryzl2/Nfya/Dlg3/Dlg3/Dlg3/Aasdh/4930432K21Rik/Gas2/Nup205/Anp32a/Nfya/Uhrf1bp1/Dlg3/1190007I07Rik/Fktn/Diexf/Eml2/Eml2/Dyrk3/Zfp11/Mmab/BC025920/Nup205/Anp32a/Trim41/Anp32a/Sav1/Usp40/Fuk/Fuk/Mtif2/Prrg2/Tecpr2/Slc35a5/Mamdc4/Aph1a/Ccdc191/Mamdc4/Aasdh/Ift22/Anp32a/Cep85l/Lsm11/Zfp598/Plxdc2/Sdc1/Usp40/Sdc1/Mamdc4/Sfxn5/Zfp202/Suv39h2/Morn1/Morn1/Slc35a5/Rpl3/Mcph1/Zfp202/Zfp202/Slc35a5/Gas2/Rps18/Pomt2/Plxdc2/Eml2/Nme4/Nme4/Zfp598/Zfp598/Spata7/Aph1a/Ift22/Prrg2/Trim3/Rpl13/Evi5/Hemk1/Cep85l/Rpl13/Mettl1/2700081O15Rik/Aasdh/BC025920/Sbf2/Eml2/Suv39h2/Zfp82/Anp32a/Suv39h2/Tmem143/Gas2/Tbc1d16/Rpl14/Cep85l/Suv39h2/Ccdc171/Nop10/Wdsub1/Rpl14/Pkd1l3/Dusp19/Aph1a/Dusp19/Morn1/Rpl14/Zfp458/Tmem143/Tmem143/Tmem143/Rpl13/Zcwpw1/Dusp19/Dusp19/AW146154/Cdv3/Atp23/Srek1ip1/Diexf/Rpl3/Rpl3/Nup205/Nup205/Cdv3/Cdv3/Mtif2
NAV_dn,NAV_dn,330,0.5293328142212557,3.7927852239062463,1.0388531061707874e-4,4.1919932928107315e-4,1.1031561296870345e-4,7036,"tags=56%, list=26%, signal=43%",Lag3/Lag3/Zbtb32/Aurkb/Rad51/Zbtb32/Ccnb1/Rad51/Pdgfb/Pdgfb/Pdgfb/Mdfic/Tpx2/Mdfic/Mdfic/Pdgfb/Pdcd1/Aurkb/Espl1/Prc1/Aurkb/Zbtb7b/Slc43a3/Aurkb/Ccl3/Tpx2/Bub1/Tpx2/Tpx2/Zbtb7b/Zbtb7b/Zbtb7b/Ptger2/Espl1/Espl1/Zbtb7b/Rad51/Rad51/Ccnb1/Tnfsf14/Tpx2/Bub1/Slc43a3/Espl1/Ccnb1/Aurkb/Irf8/Espl1/Slc43a3/Espl1/Rad51/Ccnb1/Ptger2/Rad51/Slco4a1/Bub1/Bub1/Bcl2l1/Aurkb/Aurkb/Cdca7/Gcat/Kif18b/Uhrf1/Bcl2l1/Rrm2/Gm15428/Bcl2l1/Bcl2l1/Asns/Asns/Rrm2/Bub1/Uhrf1/Uhrf1/Espl1/Ccl4/Bcl2l1/Hist1h1b/Prc1/Ska1/Ska1/Cdca7/Rrm2/Cdca7/Bub1b/Ccnb1/Bcl2l1/Espl1/Cdca7/Uhrf1/Kif18b/Mlkl/Bcl2l1/Espl1/Nek2/Cdk1/Irf8/Irf8/Bub1b/Slco4a1/Slc43a3/Slco4a1/Fhl2/Slc43a3/Rad51/Nuf2/Pdcd1lg2/Sapcd2/Tpx2/Trip13/Ect2/Slco4a1/Slco4a1/Trip13/Bub1b/Cd44/Melk/Slc43a3/Asns/Prc1/Irf8/Pdcd1lg2/Ccna2/Nuf2/Prc1/Cdk1/Aurkb/Cdk1/Trip13/Cdca7/Ccnb1/Irf8/Ckap2l/Sapcd2/Tyms/Tyms/E2f2/Tbx21/Tyms/Bcl2a1d/Ccna2/Ccdc50/Gcat/Nuf2/Nuf2/Ccna2/Ccnf/Ccna2/Tyms/Fhl2/Gcat/Bcl2l1/Tyms/Prc1/Fhl2/Tcf19/Sapcd2/Eea1/Tnfsf9/Bub1b/Prc1/Kif11/Eea1/Eea1/Nudt5/Pde4a/Tbkbp1/Cdk1/Asns/Tbkbp1/Sapcd2/Ccna2/Cenpn/Cdk1/Cdc6/Sapcd2/Ect2/Cdk1/Cish/Melk/Cdc6/Plscr1/Cdc6/Plscr1/Plscr1/Kif11/Tcf19/Tcf19/Melk/Sapcd2/Prc1/Prc1/Cish/Bcl2a1b/Phf19/Melk/Prc1/Ect2/Tcf19/Phf19/Cd44/Cd44/Ppil1/Phf19/Haspin/Litaf/Phf19/Prr5l/Il12rb1/Prr5l/Il12rb1/Il12rb1/Ccdc50/Litaf/Cish/Wee1/Zeb2/Rnf216/Zeb2/Eea1/Zeb2/Cish/Cish/Zeb2/Mlkl/Nek2/Ccdc50/Nek2/Zeb2/Zeb2/Zeb2/Nudt5/Ect2/Ect2/Prc1/Lgals1/Cenpn/Kcnk5/Stx11/Stx11/Prr5l/Tmem109/Stx11/Tmem109/Tmem109/Stx11/Il12rb1/Tmem109/Prr5l/Prss16/Serpinb6b/Lgals1/Prr5l/Nusap1/Rnf216/Il12rb1/Ccnf/Pde4a/Rnf216/Zfp52/Nusap1/Ect2/Fam129a/Pde4a/Cenpn/Ccnf/Tg/Cenpn/Prss16/Fam129a/Knstrn/Knstrn/Nusap1/Psat1/Nudt5/Tmem109/Pde4a/Serpinb6b/Serpinb6b/Serpinb6b/Kcnk5/Ccnf/Cdc6/Psat1/Zeb2/Cenpn/Cdc45/Cdc45/Zeb2/Nusap1/Adap1/Ccnf/Psat1/Tmem109/Psat1/Psat1/Nek2/Nudt5/E2f2/Ect2/Knstrn/Tfdp1/Kpna2/Ccnf/Tfdp1/Litaf/Ccnb2/Fam185a/Tg/Gtse1/Gtse1/Pcbp4/Ccnf/Zeb2/Tg/Psat1/Ppil1/Ppil1/Osbpl3/Tg/Rnf216/Mcm5/Rnf216/Rnf216/Tfdp1/Tfdp1/Tfdp1/Tfdp1/Tfdp1/Prr5l/Dars2/Capg/Slamf7/Tfdp1/Tg/Slc29a1/Psat1/Psph/Fam129a/Asf1b/Hmbs/Pa2g4/Capg/Capg/Med18/Sdf2l1/Kctd17/Mcm5/Mcm5/Arhgap19/Mcm5/Ercc6l/Plek/Fh1/Pcbp4/Ccnf/Ide/Il15ra/Pcbp4/Tbc1d7/Pcbp4/Pa2g4/Pa2g4/Slamf7/Gm10184/Adap1/Zfp52/Slc15a3/Adap1/Plek/Repin1/Repin1/Repin1/Rcc1/Paqr4/Repin1/Mcm5/Racgap1/Racgap1/Pde4a/Slc15a3/Ide/Slc29a1/Slc29a1/Racgap1/Kpna2/Kpna2/Racgap1/Hmbs/Racgap1/Tmem129/Gins3/Dapk2/Lamc1/Prss16/Rcc1/Knstrn/Capg/Capg/Mlkl/Rcc1/Slc29a1/Il15ra/Ppil1/Repin1/Fh1/Kctd17/Slc29a1/Il15ra/Tpi1/Slc29a1/Lman1/Racgap1/Gpaa1/Tpi1/Slc29a1/Gins3/Tpi1/Tacc3/Kctd17/Pcbp4/Stard3nl/Rcc1/Tpi1/Gpaa1/Gpaa1/Gpaa1/Kpna2/Pcbp4/Chaf1b/Etfb/Zeb2/Etfb/Tpi1/Coq3/Kctd17/Ppil1/Tacc3/Mcm6/Hmga1/Asf1b/Mmgt2/Mmgt2/Mmgt2/Fam185a/Mmgt2/Hmbs/Gpaa1/Racgap1/Plek/Osbpl3/Lamc1/Lamc1/Tacc3/Il15ra/Asf1b/Gpaa1/Gpaa1/Gpaa1/Racgap1/Slc29a1/Hmbs/Il15ra/Hmbs/Hmga1/Hmga1/Hmga1/Adprh/Mcm6/Gm3325/Gpaa1/Lman1/Cdc45/Tacc3/Lman1/Il15ra/Mmgt2/Il15ra/Il15ra/Fam185a/Il15ra/Il15ra/Med18/Pgam1/Tuba1b/Tbc1d7/1700001O22Rik/Mmgt2/Lman1/Mmgt2/Pgam1/Cdk2/Cdk2/Cdk2/Cdk2/Cdca4/Gins2/Hmbs/Adprh/Kctd17/Kctd17/Tpi1/Psph/Lman1/Hmbs/Pgam1/Lman1/Lman1/1700001O22Rik/Etfb/1700001O22Rik/Tacc3/Ide/Mcm6/Mcm6/1700001O22Rik/Adap1/Eif2d/Tuba1b/Unc93b1/Acsl5/Stard3nl/Tjp2/Tbc1d7/Ier3/Gins2/Gm20604/Rfwd3/Gm3325/Tspan31/Rcc1/Psph/Gins2/Fh1/Eif2d/Hat1/Gins2/Endod1/Tacc3/Aldh7a1/Gm3325/Unc93b1/Cdk2/Cpsf2/Pcyox1l/Med7/Racgap1/Racgap1/Psph/Tmem129/Tmem129/Ran/Ran/Rnaseh2a/Fbxo5/Osbpl3/Snap47/Ccnf/Endod1/Txnrd1/Tjp2/Ctnna1/Rrm1/Rfwd3/Tspan31/Snap47/Ctnna1/Aaas/Stard3nl/Cdca4/Clic4/Cdca4/Glod4/Ifng/Lactb2/Ifng/Tubg1/Fbxo5/Pcyox1l/Prdx2/Aaas/Tspan31/Rilpl2/Il15ra/Tmem237/Aurka/Tmem237/Ctnna1/Ttc39b/Zfp41/Ddx28/Aaas/Lmnb1/Fh1/Snap47/Swap70/Chaf1b/Ide/Clic4/Osgin2/Osbpl3/Slamf1/Usp1/Ovca2/Lactb2/Myg1/Hmbs/Rfc5/Ttc39b/Il15ra/Swap70/Ipo5/Aaas/Ipo5/Ctnna1/Haus4/Osbpl3/Aaas/Aaas/Pold3/Swap70/Spats2/Slamf1/Dapk2/Pold3/Spats2/Pcbp4/Zfp599/Casp4/Gale/Unc93b1/Eif4e/Rfc5/Ctnna1/Pold3/Pold3/Aars/Ifi211/Spats2/Ttc39b/Mrpl44/Prdx2/Prdx2/Unc93b1/Cyp51/Stard3nl/Stard3nl/Stard3nl/Spats2/Tjp2/Chaf1b/Chaf1b/Mrpl44/Dars2/Pold3/Eif2d/Casp4/Dars2/Casp4/Syngr2/Pold3/Pdk3/Casp4/Tmem237/Chsy1/Etfb/Pold3/Fh1/Cyp51/Gale/Rab8b/Dars2/Paics/Txnrd1/Aurka/Ide/Aurka/Txnrd1/Ctnna1/Aurka/Tubg1
MEM_dn,MEM_dn,312,0.40186243362048374,2.871034161652337,1.039176971838304e-4,4.1919932928107315e-4,1.1031561296870345e-4,4717,"tags=32%, list=18%, signal=28%",Rad54l/Kif15/Rad54l/Rad54l/Mcm10/Rad54l/Rad54l/Mcm10/Rgs16/Mcm10/E2f7/Mcm10/Mcm10/Mcm10/Kif15/Mcm10/Mcm10/Mcm10/Cenph/Cenpe/Kif15/Kif15/Kif15/Kif15/E2f7/Kif15/Kif15/Clspn/Esco2/Kif15/Kif15/Cenph/Ankle1/Ankle1/Clspn/Ankle1/Ankle1/Esco2/Mcm10/Esco2/Cenpf/Ankle1/Kif15/Cenpf/Clspn/Birc5/Birc5/Esco2/Clspn/Kif15/Clspn/Clspn/Kif15/Kif15/Pou2f2/Depdc1a/Dlgap5/Depdc1a/Spag5/Dna2/Cenpe/Parpbp/Top2a/Spc24/Tipin/Spag5/Iqgap3/Cenpe/Tipin/Parpbp/Top2a/Zfp948/Fanca/Dna2/Dna2/Kif23/Top2a/Dna2/Dna2/Fanca/Top2a/Clspn/Tipin/Cenpe/Hist1h2bj/Spag5/Pou2f2/Palb2/Cenpf/Palb2/Fanca/Top2a/Fanca/Lig1/Top2a/Iqgap3/Esco2/Fanca/Prr11/Hist1h2ap/Sgo1/Cenpf/Hist1h2ag/Fanca/Spc24/Iqgap3/Cbx5/Lig1/Spc24/Nt5dc2/Pou2f2/Nt5dc2/Cenpe/Fanca/Hirip3/Ccdc167/Hist1h2af/Psmc3ip/Fanca/Psmc3ip/Spag5/Top2a/Brca2/Psmc3ip/Hist1h2bk/Phactr2/Pole/Kif23/Nt5dc2/Fanca/Psmc3ip/Kif23/Brca2/Cenpf/Phactr2/Brca2/Nt5dc2/Nt5dc2/Iqgap3/Dctpp1/Cdc7/Fanca/Phactr2/Mybl2/Cenps/Sgo1/Nefh/Spc24/Brca2/Cenpp/Stmn1/Stmn1/Iqgap3/Fanca/Stmn1/Shcbp1/Lig1/Cenps/Hirip3/Spag5/Brca2/Lig1/Lig1/Lig1/Stmn1/Cenps/E2f7/Spag5/Cenps/Cdc7/Palb2/Palb2/Anln/Brca2/Hirip3/Cenps/Hirip3/Lig1/Kif23/Brca2/Cdc7/Pole/Hirip3/Mybl2/Pole/Anln/Brca2/Hirip3/Brca2/Brca2/Hirip3/Cenpp/Brca2/Cdc7/Cdc7/Cdc7/Pole/Pole/Fanca/Kif23/Spag5/E2f7/Spag5/Ccdc34/Ccdc167/E2f7/Anln/Pole/Anln/E2f7/Kif23/Kif23/E2f7/Anln/Pou2f2/Ska2/Fanca/Tnnt1/Brca2/Shcbp1/Hist2h3c2/Dut/Shcbp1/Shcbp1/Pole/Palb2/Dut/Fabp5/Fabp5/Mybl2/Palb2/Anln/Nap1l1/Lig1/Kif23/Cbx5/Mybl2/Dnmt1/Shcbp1/Hist1h2br/Kif23/Nap1l1/Eif4enif1/Nap1l1/Kif20b/Rapgef5/Dnmt1/Dtymk/Mfsd11/Shcbp1/Ska2/Ska2/Nap1l1/Eif4enif1/Nap1l1/Dlgap5/Mybl2/Kif23/Cbx5/Cip2a/Shcbp1/Ccdc34/Hist1h2br/Dtymk/Atad5/Dhdh/Wdhd1/Scd2/Hist1h2br/Kif20b/Hist1h4d/Kif23/Dtymk/E2f7/Sssca1/Atad5/Tnnt1/Kif20b/Eif4enif1/Dut/Ccdc34/Tmem256/Dlgap5/Tmem256/Tmem256/Ccdc34/Dlgap5/Ubl4a/Rapgef5/Atad5/Ckap2/Dbi/Dbi/Tmem256/Kif20b/Helq/Kif20b/Kif20b/Wdhd1/Sssca1/Dhdh/Sssca1/Sssca1/Ppid/Ccp110/Ccdc34/Gm7240/Nab2/Cip2a/Hist1h1e/Tnnt1/Tnnt1/Kif20b/Dlgap5/Tnnt1/Sssca1/Cks1b/Fbxl19/Dtymk/Ccp110/Gm7240/Nvl/Cks1b/Eif4enif1/Dlgap5/Eif4enif1/Gm11427/Dlgap5/Ubl4a/Ptprcap/Dbi/Cks1b/Dbi/Ccp110/Atat1/Gm11427/Dlgap5/Dbi/Scd2/Tmpo/Tmem256/Dnmt1/Dnmt1/Dnmt1/Tmpo/Rapgef5/Ppid/Tmpo/Tmpo/Nab2/Snx9/Nab2/Syce2/Irf4/Tmpo/Ppid/Ppid/Dbi/Wdhd1/Wdhd1/Syce2/Snx9/Nab2/Tbc1d31/Ppid/Syce2/Dgkg/Cep89/Kif20b/Gm10110/Brip1/Ccp110/Anp32b/Mybl1/Mtfr2/Mcu/Gm10110/Gm11427
Act48h_up,Act48h_up,291,0.5334931374364547,3.8136150253066536,1.0479983232026829e-4,4.1919932928107315e-4,1.1031561296870345e-4,7442,"tags=62%, list=28%, signal=47%",Cd200/Cth/Il2/Cd200/Cd200/Cd200/Cth/Cd200/Cd200/Cd200/Cd200/Cd200/Bcat1/Bcat1/Xcl1/Cth/Bcat1/Nrn1/Bcat1/Bcat1/Bcat1/Acsl6/Cth/Acsl6/Acsl6/Nrn1/Mdfic/Mdfic/Mdfic/Nrn1/Mgll/Chac1/Nol4l/Acsl6/Adarb1/Csf2/Adarb1/Nol4l/Nol4l/Ccl3/Egfl7/Gpt2/Il2ra/Adarb1/Il2ra/Slc9b2/Slc9b2/Il2ra/Slc9b2/Zfp870/Slco4a1/Acsl6/Slc1a4/Slc1a4/Gcat/Slc7a3/Asns/Asns/Slc9b2/Ccl4/Dmwd/Dmwd/Egfl7/Egfl7/Slc9b2/Dmwd/Dmwd/Slco4a1/Slco4a1/Lta/Pdcd1lg2/Slco4a1/Slco4a1/Nol4l/Hk2/Asns/Egfl7/Egfl7/Pdcd1lg2/Zfp870/Zfp870/Slc7a3/Bbs5/Slc7a3/Slc7a3/Slc7a3/1110032F04Rik/Nol4l/Slc7a3/Tnfsf11/Gcat/Tex15/Hk2/Gcat/Akap1/Pycr1/Spry1/Spry1/Spry1/Igfbp7/Igfbp7/Eno2/Pycr1/Hk2/Asns/Hk2/Pycr1/Hist1h3c/Gpt2/Grin1/Mgll/Mgll/Mgll/Mnd1/Egfl7/Gpt2/Pycr1/Akap1/Gls2/Dleu7/Dleu7/Ebi3/Dctd/Gpt2/Nt5dc2/Tex15/Ydjc/Dctd/Nt5dc2/Ydjc/Lrrc32/Dctd/Akap1/Eno2/Dctd/Nt5dc2/Arhgdig/Arhgdig/Lrrc32/Nt5dc2/Nt5dc2/Bbs5/Tbc1d24/Tbc1d24/Nefh/Taf1d/Tbc1d24/Pola1/Srm/Tbc1d24/Akap1/Tbc1d24/Srm/Akap1/Ydjc/Tert/Tex15/Mgll/Arhgdig/Slc35d3/Arhgef9/Egfl7/Heg1/Syngr1/Rangrf/Tg/Eno2/Ydjc/B9d1/B9d1/Ydjc/Mcrip2/Arhgef9/Psat1/Wdr60/Srm/Spata7/Pycr1/Morn2/Morn2/Psat1/Eno2/Fam162a/Syngr1/Bbs5/Bbs5/Psat1/Psat1/Psat1/Mcrip2/Mcrip2/Sox12/Sox12/Mcrip2/Vegfa/D630045J12Rik/B9d1/Tert/Vegfa/Wdr34/Ggnbp1/Ggnbp1/Eno2/Lrrc32/Lrp4/Mcrip2/Vegfa/Tnnt1/Dnal1/Tg/Arhgef9/Gm35315/Arhgef9/Tg/Psat1/Bbs5/Ccdc116/Fabp5/Tg/Rangrf/Fabp5/Tfpi/Eno2/Eno2/Vegfa/D630045J12Rik/Arhgef9/Arhgef9/Pcgf5/Nudcd2/Grin1/Vegfa/Sqle/D630045J12Rik/D630045J12Rik/Wdr60/Tert/Timm10/Tg/Timm10/Tert/Tert/Psat1/Heg1/Ydjc/Sqle/Sqle/Rangrf/Ccdc116/Hspd1/Wdr60/Bbs5/Eno2/Ldlr/Hspd1/Egfl7/Gm35315/Mars/Eef1akmt3/Mars/Mars/Wdr60/Pde6g/Pde6g/Eif4enif1/Cars/Heg1/Plk2/Mars/Prdm5/Dnal1/Nlgn2/Rabggtb/Nlgn2/Cars/Tert/Eif4enif1/Vegfa/Lrp4/Wdr60/Gys1/Dnal1/Bbs5/Tmem69/Ldlr/Nlgn2/Zfp219/Plk2/Pde6g/Reep1/Reep1/Plk2/Dhdh/D630045J12Rik/Rangrf/Rangrf/Ldlr/Ldlr/Pola1/Nudcd2/Heg1/Rabggtb/Rabggtb/Rabggtb/Eno2/Wdhd1/Scd2/Mars/Rabggtb/Zfp219/Zfp219/Ldlr/Rabggtb/Smyd5/Rabggtb/Gm29666/Zfp219/Nutf2/Tmem69/Nutf2/Plk2/Nutf2/Plk2/Ccdc116/Ldlr/Gls2/Taf1d/Heg1/Chchd4/Pola1/Nudcd2/Sqle/9430015G10Rik/Tnnt1/Eif4enif1/Hspe1/Dnal1/Nudcd2/Pola1/Idi1/Noa1/Hspe1/Wdr34/Dhcr24/Cinp/Tpst1/Mcm3/Nutf2/Taf1d/Taf1d/Taf1d/Gm9797/Dnal1/Nme6/Tpi1/Timeless/Nme6/Nme6/Smyd5/Gm35315/Ahcy/Tpi1/Idi1/Tmem69/Set/Tpi1/Smyd5/D130007C19Rik/Gys1/Nutf2/Wdhd1/Tpi1/Slc5a3/Dhdh/Fam162a/Smyd5/Nr6a1/Fam162a/Mcm3/Mcm3/Nme6/Fdps/Fdps/Gys1/Tnnt1/Tnnt1/Uhrf1bp1/Nme6/Heg1/Fdps/Fdps/B9d1/Tnnt1/Cinp/Chchd4/Ntrk3/Tpi1/Smyd5/Fam162a/Smyd5/Prickle1/Nop16/Cars/Uhrf1bp1/Cars/Smyd5/Uhrf1bp1/Nlgn2/Cars/Comt/Smyd5/Hacd1/Gm9797/Ahcy/Ntrk3/Cinp/Comt/Gnpnat1/Nudcd2/Eif4enif1/Cinp/Eif4enif1/Idi1/Cinp/Ccdc63/Nop16/Rangrf/Cinp/Nop16/Ruvbl2/Tnni3/Pgam1/Tns1/Ruvbl2/Pgam1/Ahcy/Set/Set/Aldoc/Timeless/Pcgf5/Scd2/Set/Ruvbl2/Tpi1/Ruvbl2/Prdm5/Prdm5/Prdm5/Msh4/C1qbp/Nr6a1/Cryzl2/Pgam1/Syce2/Mcm3/Irf4/Heg1/Uchl5/Fdps/Uhrf1bp1/Wdhd1/Wdhd1/Cryzl2/Mcm3/Timeless/Cars/Nr6a1/Prickle1/Tnfrsf18/C1qbp/Ccdc58/Syce2/Hax1/Uchl5/Ndufaf6/Hax1/Gls2/Syce2/Ntrk3/Timeless/Tns1/Cep89/Phf10/Tns1/Phf10/Noa1/Msmo1/Msmo1/C1qbp/Wdr34/Ndufaf6/Hemk1/Nr6a1/Zfp820/Cars/Ruvbl2/Tfpi/Smyd2/Noa1/Set/Zfp219/Fdps/Tfpi/Ccdc63/Tmem80/Arfgef3/9430015G10Rik/Timeless/Timeless/Timeless/Msmo1/Eif4enif1/Msmo1/Set/Zfp820/Msmo1/Ndufaf6/Abcd3/Abcd3/Timeless/Tfpi/Arfgef3/Arl14ep/Spata7/Spata7/Arl14ep/Arl14ep/Phf10/Cryzl2/Msmo1/Eif4enif1/Ruvbl2/Eif4enif1/Wdhd1/Nr6a1/9430015G10Rik/9430015G10Rik/Tnfrsf18/Tnfrsf18/Timeless/Timm8a1/Slc5a3/Cars/Nr6a1/Abcd3/Maoa/Pcgf5/Tulp3/Tnfrsf18/Ifng/Tnfrsf18/Zmynd19/Ifng/Cars/Nr6a1/Wdcp/Nr6a1/Phf10/Abcd3/Tfpi/Wdr89/Abcd3/Timeless/Uchl5/Timeless/Hax1/Arl14ep/Tmem80/Gls2/Gys1/Smyd2/Uchl5/Nedd4/Uchl5/Hax1/Tpst1/Smyd2/Gls2/Slc12a2/Wdcp/Ndufaf6/Lif/Tln2/Ndufaf6/Zmynd19/Tnni3/Zbtb45/Hacd1/Ercc8/Gm14418/Hectd2/Ldha/Hax1/Hax1/Hax1/Tpst1/Ero1l/Wdcp/Ercc8/Ggnbp1/Cfap54/Hax1/Smyd2/Ipo5/Ipo5/Timm9/Timm9/Hax1/Ruvbl2/Msh4/Gm14418/Hemk1/Ntrk3/Wdcp/Ccdc58/Tpst1/Ccdc58/Tulp3/Tulp3/Hemk1/Ccdc58/Nedd4/Tns1/Msh4/Ero1l/Nedd4/Gm14418/Eef1e1/Noa1/Hax1/Abcb6/Tulp3/Npm1/Ercc8/Fam71b/Ero1l/Hmgcs1/Lif/Gnpnat1/Cars/Hmgcs1/Timeless/Tomm5/Tomm5/Tomm5/Hmgcs1/Hemk1/Hmgcs1/Hemk1/Wdcp/Furin/Slc39a10/Irf4/Dyrk3/Gnpnat1/Nedd4/Mif/Mif/Usp40/Elp6/Ldha/Ldha/Tomm5/Usp40/Tnfrsf4/Timeless/Zbtb45/Taf1d/Arhgef4/Gnpnat1/Npm1/Npm1/Gys1/Epha2/Hemk1/Wdr75/Ldha/Wdr75/Pus7/1190007I07Rik/Lztr1/1190007I07Rik/Nolc1/Gls2/Gys1/Gnpnat1/Cryzl2/Ppan/Npm1/Lif/Uhrf1bp1/Hectd2/Hectd2
DP_up,DP_up,79,0.5742208405228588,3.656353817851348,1.4547570555717196e-4,4.6552225778295027e-4,1.225058573113027e-4,3644,"tags=48%, list=14%, signal=42%",Kif15/Pimreg/Espl1/Kif15/Spc25/Espl1/Espl1/Kif15/Espl1/Espl1/Espl1/Kif15/Kif15/Kif15/Kif18b/Kif15/Kif15/Espl1/Pif1/Espl1/Kif15/Kif18b/Kif15/Espl1/Ankle1/Ankle1/Ncapg/Ankle1/Ankle1/Ncapg/Ncapg/Ncapg/Ncapg/Pimreg/Pimreg/Neil3/Ankle1/Kif15/Birc5/Birc5/Ccna2/Ncapg/Kif15/Neil3/Kif15/Kif15/Pimreg/Ccna2/Fcrl1/Ccna2/Ccnf/Ccna2/Neil3/Neil3/Pimreg/Pif1/Pif1/Top2a/Spc24/Fcrl1/Top2a/Pif1/Kif23/Top2a/Top2a/Pif1/Ccna2/Top2a/Top2a/Ube2c/Ube2c/Prr11/Hist1h2ap/Neil3/Spc24/Spc24/Gm44521/Spc25/Spc25/Spc25/Spc25/Cep55/Cep55/Cep55/Fcrl1/Top2a/Pif1/Spc25/BC035044/Kif23/Kif23/Fam72a/Spc25/Spc24/Cep55/Kif23/BC035044/Ccnf/Ccnf/Bard1/Kif23/Knstrn/Knstrn/Ccnf/Ccdc34/Ska3/Ccnf/Kif23/Kif23/Knstrn/Kpna2/Ccnf/Ska2/Ccnf/Kif23/Kif23/Ccnf/Ska2/Ska2/Kif23/Cip2a/Ccdc34/Kif23/Kpna2/Kpna2/Knstrn/Ccdc34/Ccdc34/Ncapd2/Ncapd2/Ubl4a/Ptprj/Ckap2/Incenp/Ccdc34/Ska3/Kpna2/Ncapd2/Cip2a/Ska3/Ptprj/Ncapd2/Cks1b/Ptprj
MP_up,MP_up,6,0.6046557041869247,2.329252452488539,0.00018294914013904133,4.878643737041102e-4,1.2838536150108163e-4,2492,"tags=42%, list=9%, signal=38%",Hist1h1b/Serpine2/Cbfa2t3/Cbfa2t3/Cbfa2t3/Cbfa2t3/Serpine2/Serpine2/Serpine2/Cbfa2t3/Cbfa2t3
MP_dn,MP_dn,33,-0.37880408622800416,-2.2597104353400423,2.532286654849329e-4,5.788083782512751e-4,1.5231799427665134e-4,7336,"tags=46%, list=28%, signal=34%",Csnk1e/Rnf123/Kdm4b/Csnk1e/Fgf13/Fgf13/Btbd9/Prkch/Prkch/Prkch/Fgf13/Fgf13/Fgf13/Fgf13/Fgf13/Kdm4b/Kdm4b/Kdm4b/Rnf123/Ubxn6/Calcrl/Calcrl/Ubxn6/Wbp2/Wbp2/Wbp2/Ubxn6/Slc25a12/Ubxn6/Wbp2/Elmsan1/Calcrl/Ubxn6/Ubxn6/Slc25a12/Kdm4b/Tbc1d17/Ubxn6/Tbc1d17/Elmsan1/Tbc1d17/Tbc1d17/Tbc1d17/Tbc1d17/Tbc1d17/Tbc1d17/Tbc1d17/Tbc1d17/Pnpla8/Elmsan1/Pnpla8/Cytip/Elmsan1/Cytip/Pnpla8/Pnpla8/Cytip/Cytip/Cytip/Cytip/Pnpla8/Pnpla8/Gm45837
MEM_up,MEM_up,293,-0.264262765663818,-2.1781325415604953,0.0013227513227513227,0.0026455026455026454,6.961849067112225e-4,9881,"tags=51%, list=37%, signal=34%",Donson/Dok2/Zfp869/Gucd1/Pxylp1/Zfp687/Hagh/Fam172a/Fam172a/Hagh/Hagh/Acsl1/Tmem248/Add3/Add3/Fgf13/Strip1/Ezh1/Tmem248/Hagh/Hps1/Mfsd14b/Skp1a/Strip1/Mfsd14b/Ttc5/Efr3a/Crlf3/Tmod3/Gucd1/Ttc5/Mppe1/Rnf145/Bcl7b/Usp3/Rnf10/Washc2/Tulp4/Bcl7b/Rnf145/Washc2/Tmod3/Rnf10/Ms4a4c/Rnf10/Aldh3a2/Mppe1/Stat5b/Skp1a/Hvcn1/Hvcn1/Arap1/Il1rl2/Pfkl/Ttc5/Slc11a2/Smyd3/Gpbp1l1/Shoc2/Rnf10/Sec22c/Strip1/Gaa/Tmod3/Fam172a/Fam172a/Scfd2/Scfd2/Abhd15/Rnf167/Il1rl2/Eif3f/Slc11a2/Arap1/Plekhm1/Slc11a2/Rnf167/Rnf145/Smyd3/Itgb7/Ezh1/Ndrg3/Ndrg3/Rnf167/Usp3/Tmem59/Ndrg3/Tulp4/Snx4/Elavl1/Usp3/Efr3a/Tmem59/Atp6v1b2/Rnf145/Slc11a2/Skp1a/Tmem59/Strip1/Tmem59/Susd6/Usp3/Tmem229b/Ssh3/Tox4/Tspan14/Kdm4c/Kdm4c/Crlf3/Usp3/Ext2/Crlf3/Crlf3/Usp3/Gm15801/Pea15a/Skp1a/Washc2/Scfd2/Susd6/Plekhm1/Rb1/Trpc4ap/Tox4/Atp6v1b2/Ttc5/Ezh1/Stat5b/Zfp110/Pdlim1/Tmem248/Usp3/Zfp110/Acss2/Gpbp1l1/Gpbp1l1/Usp3/Atp6v1b2/Dennd3/Crlf3/Ndrg3/Fech/Arap1/Ssh3/Ndrg3/Vsir/Ssh3/Itgb7/Vsir/Ssh3/Tox4/Stat5b/Ext2/Cdc42se2/Crlf3/Lonp2/Efr3a/Btd/Tox4/Ssh3/Derl1/Tmem59/Zfp110/Aldh3a2/Derl1/Efr3a/Eif3f/Tmem59/Btd/Gpbp1l1/Ssh3/Ssh3/Mfsd14b/Slc9a7/Pea15a/Atp6v1b2/Rnf145/Ric8a/Scfd2/Aldh3a2/Epb41/Ric8a/Rnf167/Arhgap26/Rnf10/Acss2/Man1a/Man1a/Man1a/Hexb/Cdc42se2/Fgf13/Lfng/Pxylp1/Pxylp1/Pxylp1/Ric8a/Ccdc92/Vsir/Bcl7b/Ccdc92/Pxylp1/Fgf13/Cry1/Sec22c/Arap1/Gpd1l/Lonp2/Lfng/Sec22c/Hexb/Lonp2/Vsir/Lonp2/Lfng/Zfp110/Vsir/Vsir/Pxylp1/Aldh3a2/Fech/Serp1/Itgb7/Efr3a/Man1a/Arhgap26/Arhgap26/Aldh3a2/Man1a/Dennd3/Fgf13/Fgf13/Arf4/Lonp2/Pxylp1/Zfp110/Rnf10/Fgf13/Epb41/Qpct/Qpct/Rassf5/Fgf13/Aldh3a2/Pglyrp2/Fgf13/Il1rl2/Ptp4a1/Usp22/Hadhb/Pglyrp2/Vwa5a/Ubxn6/Usp22/Lpxn/Ext2/Prss12/Lpxn/Atp1b3/Snx4/Atp1b3/Sec22c/Ptp4a1/Crat/F2r/Atp1b3/Ptp4a1/Ptp4a1/Tgoln1/Ptp4a1/Sit1/Ehd3/Abhd15/Rusc1/Sit1/Cnp/Pglyrp2/Pglyrp2/Hadhb/Sec22c/Fli1/Usp22/Fli1/Cnp/Acsl1/Rusc1/Slc9a9/Cnp/Rusc1/Rusc1/Arhgap26/Arhgap26/Acss2/Epb41/Fam78a/Smad3/Pxylp1/Ptp4a1/Gpr18/Klf3/Ubxn6/Itgb7/Jaml/Tlr6/Arf4/Ubxn6/Arf4/Arf4/Arf4/Rusc1/Themis/Klf3/Ehd3/Ubxn6/Vwa5a/Usp22/Oas3/Ubxn6/Ubxn6/Sdcbp/Arhgap26/Hadhb/Hadhb/Sdcbp/Vwa5a/Ssh3/Usp22/Smad3/Arhgap26/Vwa5a/Klf3/Fam78a/Sdcbp/Ptp4a2/Hadhb/Cnp/Smad3/Scfd2/Itgb7/Crat/Klf3/Ube2h/St3gal6/Themis/Themis/Smad3/Arhgap26/Crat/Ubxn6/Arf4/Ets1/Crat/Ets1/Gab3/Gab3/Sdcbp/Themis/Ets1/Tbxa2r/Arhgap26/Klf3/Ube2h/Ube2h/Ube2h/Ubald1/Acss2/Ubald1/Fam102a/Hs3st3b1/Hadhb/Arf4/Klf3/Ets1/St3gal6/St3gal6/Abhd15/Fam102a/Fam102a/Epb41/Epb41/Epb41/Epb41/Fam102a/Slc14a1/St3gal6/St3gal6/Dtx1/St3gal6/St3gal6/Slc9a9/Gab3/Oas3/4930523C07Rik/Fam78a/Epb41/Vwa5a/Acss2/Fam78a/B4galt1/Klf3/Tspyl1/Ifit1bl1/Arhgap26/4930523C07Rik/Hid1/4930523C07Rik/Klf3/Klf3/Fam102a/Epb41/Cytip/St3gal6/Tcn2/Tcn2/Tcn2/Hid1/Ifit1bl1/Klhl6/S1pr4/Gzmm/Acss2/Cdkn1b/Cdkn1b/Cytip/Tgfbr2/Tgfbr2/Hid1/Hid1/Cyp2s1/Oas3/Slc14a1/Hid1/Slc14a1/Vwa5a/Crat/Klhl6/Klhl6/Gpr132/Cytip/Cytip/Gpr132/Cyp2s1/Cyp2s1/Cytip/Cytip/Klhl6/Arid5a/Dtx1/Arid5a/Arid5a/Arid5a/Crat/Arid5a/Arid5a/Arid5a/Arid5a/Hid1/Cyp2s1/Arid5a/Arid5a/Oas3/Klhl24/Hid1/Gm5511/Hbp1/4930523C07Rik/Sema4a/Sema4a/Sema4a/Sema4a/Sema4a/Gab3/Klf6/Hbp1/Klf6/Gm14519/Dtx1/Sema4a/Acss2/Klf6/Klhl24/Adrb2/Acss2/Sema4a/Frat1/Ifngr1/Ifngr1/Klhl24/Hbp1/Ifngr1/Ifngr1/Pink1/Ifngr1/Cd1d1/Ifngr1/Klhl24/Sema4a/Hbp1/Hbp1/Cd1d1/Cd1d1/Sema4a/Pink1/Hbp1/Cd1d1/Cd1d1/Dtx1/Dtx1/Crat/Socs3/S1pr1/Tcp11l2/Tcp11l2/Socs3/Socs3/Tcp11l2
Act48h_dn,Act48h_dn,308,-0.5897510007195498,-5.04960887811797,0.002890173410404624,0.0047904191616766475,0.0012606366214938543,8068,"tags=77%, list=30%, signal=57%",Tpst2/Izumo4/Arhgef1/Zdhhc18/Arhgap1/Arhgap1/Pacs1/Pik3r1/Runx1/Abr/Sbf1/Arhgap1/Izumo4/Adamts14/Tapbp/Tmem9b/Tmem9b/Izumo4/Izumo4/Ctsa/Chfr/Lrrfip1/Ctsa/Wdr44/Capn1/Aes/Pacs1/Man2b1/Laptm5/Sbf1/Dock2/Vsir/Itgb7/Ttc7/Vsir/Zdhhc18/Ms4a4b/Pacs1/Pik3r1/Add1/Vamp5/Vamp5/Man2b1/Nod1/Ms4a6b/Smpdl3a/Sbf1/Cdc42se2/Arhgap1/Ttc7/Izumo4/Ttc7/Tmem59/Vrk3/Trim26/Trim26/Abcd1/Trim26/Hrh2/Lair1/Arhgef1/Osbpl5/Rab4b/Tmem59/Rab4b/Il17ra/Rab4b/Inpp1/Add1/Runx1/Pcsk7/Pea15a/Camk1d/Atf7ip/Sbf1/Arhgap4/Arhgap1/Arhgap1/Rnf167/Add1/Arhgdib/Arsb/Sbf1/Arhgap26/Pik3r1/Vamp2/Flt3l/Dmac2/Rab4b/Haao/Lrrfip1/Hexb/Vamp2/Haao/Cdc42se2/Sbf1/Haao/Sbf1/Trim26/Cd68/Lfng/Pxylp1/Pxylp1/Pxylp1/Chfr/Rab4b/Camk1d/Vsir/Dock2/Nod1/Camk1d/Pxylp1/Cd68/Myo1f/Trim26/Myo1f/Xdh/Dop1b/Cd68/Arrdc1/Lfng/Rnf166/Hexb/Dapp1/Dapp1/Ern1/Dapp1/Vsir/Wdr44/Lfng/Ptk2b/Arhgap1/Cirbp/Cirbp/Vsir/Vsir/Mndal/Sbf1/Pxylp1/Arhgef1/Myl12b/Dock2/Pon2/Rcbtb2/Nmi/Herc6/BC147527/Ccm2/Glipr1/Gna15/Slfn8/Sp100/H2-Q7/Orai2/Arhgap4/Dop1b/Dmac2/Rnf166/Cirbp/Ttc7/Rcbtb2/Camk1d/Pon2/Tor1aip1/Iqgap1/Cdk2ap2/Myl12b/Tor1aip1/Cdk2ap2/Itgb7/Cirbp/Arhgap26/Tor1aip1/Adgre5/Herc6/Arhgap26/Rab11b/Pon2/Rab11b/Sbf1/Rab11b/Gimap3/Cdk2ap2/Inpp1/Rab11b/Nrbp1/Rab11b/Izumo4/Il17ra/Rcbtb2/Dop1b/Dop1b/Rbm42/Wdr44/Cdk2ap2/Il17ra/Rcbtb2/Plec/Glipr1/Prf1/Pxylp1/Plec/Herc6/Adgre5/Nrbp1/Ms4a6b/Rbms1/Arhgef1/Rbms1/Ms4a6b/H2-Q7/H2-Q7/Rcbtb2/Rbms1/Cracr2a/Ctso/Pon2/Pik3r1/Ptk2b/Gimap3/Xdh/H2-Q5/Lair1/Lair1/Pglyrp2/Rbm42/Ms4a6b/Ankrd44/Ankrd44/Rbm42/Orai2/Lgals8/Nr1h2/Adgre5/Ms4a6b/Sfxn3/Adgre5/Syne2/Nr1h2/Abr/Pld3/Pld3/Stk10/Sfxn3/Ptk2b/Rab4b/Sfxn3/Pitpnc1/Dop1b/Sfxn3/Dop1b/Herc6/Plec/Abr/Pglyrp2/Stk10/Dmac2/Dmac2/Rab4b/Iqgap1/Glipr1/Gm8909/Gm8909/Adgre5/Ankrd44/Arhgef1/Gm8909/H2-Q5/Glipr1/Dop1b/Pear1/Arhgef1/Lair1/Herc6/Gm8909/Gm8909/Cd86/Slfn8/Sfxn3/Slfn8/Vamp2/Nr1h2/Pld3/Atp1b3/Atp1b3/B4galnt1/B4galnt1/Tor1aip1/Gna15/Syt11/B4galnt1/Itm2b/Tm6sf1/L1cam/Orai2/Orai2/Pced1b/Sbk1/Dop1b/Laptm5/Atp1b3/Cd86/Laptm5/Plec/Ankrd44/Glipr1/Evi2b/Leng9/Sit1/Ehd3/Iqgap1/Ccndbp1/Ccndbp1/Rcbtb2/Nrbp1/Phf11d/Lair1/Herc6/Pear1/Sit1/Inpp1/H2-D1/Vamp2/Cnp/Wdr81/Abtb1/Pglyrp2/Pglyrp2/Mndal/Ccndbp1/Wdr81/Nipal3/Rnf166/Nmi/Hrh2/Nmi/Ankrd44/Iqgap1/B4galnt1/Iqgap1/Ifi214/AB124611/AB124611/AB124611/Abr/Mndal/Trim14/Trim14/Nr1h2/Rbl2/Nr1h2/Dmac2/Nr1h2/Nr1h2/Cnp/H2-D1/Vamp2/Rcbtb2/Rbl2/Nipal3/Spata13/Rbl2/Phf11d/Phf11d/Nr1h2/Iqgap1/Rcbtb2/Nmi/Nr1h2/Slc9a9/Cnp/Nr1h2/Gm4759/Rcbtb2/Ankrd44/Cd86/Inpp5k/Ankrd44/Serpini1/Itm2b/Spata13/Spata13/Arhgap26/Arhgap26/Ccm2/Ccm2/Serpini1/Gpr137b/H2-D1/Pear1/Pear1/Dop1b/Serpini1/H2-Q5/Dop1b/Xdh/Spata13/Xdh/Iqgap1/Itm2b/Sytl2/Xdh/Pear1/Ppp3ca/Pxylp1/Nrbp1/Abtb1/Pitpnc1/Klf3/Itgb7/Gpr137b/Gpr137b/Flt3l/Nipal3/Myo1f/Flt3l/Ccndbp1/Dop1b/Bin1/Pld3/Dop1b/Gsdmd/Klf3/Laptm5/Rbl2/Osbpl5/Rbms1/Ehd3/Pld3/Rbl2/Nipal3/Abtb1/Laptm5/Laptm5/Myo1f/Ankrd44/Abr/Laptm5/H2-Q6/Xdh/Osbpl5/Bcas3/Ankrd44/Abtb1/Oas3/Ankrd44/Gpr137b/Xdh/Vamp5/Arhgap26/H2-Q6/Pltp/Rbms1/Nipal3/Lair1/Gsdmd/Adgre5/Gsdmd/Dock2/Smap2/Gm3724/Btg2/Sytl2/Skap1/Pitpnc1/Sytl2/Skap1/Arhgap26/Ms4a4b/Tor1aip1/Spata13/Inpp1/Pacs1/Flt3l/Ms4a4b/Flt3l/Flt3l/Klf3/Cd101/Flt3l/Tm6sf1/Skap1/Skap1/Tm6sf1/Ms4a4b/Itm2b/Tm6sf1/Rbl2/Rbl2/Sp100/Cnp/Tm6sf1/Sorl1/Haao/Pacs1/Sytl2/Tm6sf1/Tprgl/Tprgl/Slc46a3/Slc46a3/Id2/Ankrd44/Id2/Lgals8/Ankrd44/Ctso/Itgb7/Id2/Tprgl/Tm6sf1/Abtb1/Inpp5k/Pear1/Inpp5k/Ccndbp1/Bcas3/Inpp5k/Klf3/Fam49a/Tprgl/Ccndbp1/Sun2/Nrbp1/Phf11a/Pear1/Abtb1/Ccndbp1/St3gal6/Arhgap26/Gsdmd/Abtb1/Ets1/Ets1/Ankrd44/Cx3cr1/Dapp1/Ets1/Ankrd44/Cd101/Gna15/Trdv2-2/Ppp3ca/Arhgap26/Klf3/Dock2/Ppp3ca/Gas7/Prex1/Lgals8/Prex1/Abr/Tprgl/Lgals8/Ubald1/Sla2/Lgals8/Lgals8/L1cam/Gas7/Ripor2/Gm4070/Sla2/Cd79a/Ctso/Arhgap45/Arhgap45/Ubald1/Arhgap45/Abtb1/Sytl2/Inpp1/Pear1/Sp4/Gm1966/Sp4/Nrbp1/Klf3/Nrbp1/L1cam/Sytl2/Sytl2/Ets1/Bcas3/Bcas3/Ccm2/Lgals8/Flt3l/Dop1b/St3gal6/Sytl2/St3gal6/Prex1/Flt3l/Bcas3/Sp100/Arhgap45/Bcas3/Rnasel/Xdh/Gbp7/Ppp3ca/Ripor2/Itm2b/Sp100/Sun2/Nrbp1/Prkcq/Gm4070/Gm4070/Gm4070/Dazap2/Ppp3ca/Sun2/Sun2/Sun2/Sun2/Ifi209/Sun2/St3gal6/Fam49a/Gsdmd/Arhgap45/St3gal6/Syne2/Dazap2/Lgals8/Dtx1/St3gal6/Sp4/Bcas3/Inpp5k/Abtb1/Dazap2/Cnga1/St3gal6/Prkcq/Gsdmd/Acp5/Slc9a9/Rnasel/Rbl2/Fam49a/Oas3/Sorl1/Calhm6/Rap1gap2/Ppp3ca/Skap1/Inpp5k/Inpp5k/Pltp/Ttc7/Rnasel/Pltp/Pced1b/Prkcq/Ripor2/L1cam/Ifi214/Sp100/Ppp3ca/Ifi209/Prex1/Trim5/Sgk1/Sorl1/Uba7/Klf3/Rnasel/Syne2/Dazap2/Flt3l/Gas7/Lat2/Prkcq/Rnasel/Ifit1bl1/Arhgap26/Ccm2/Lat2/Rap1gap2/Lat2/Ripor2/Syne2/Rap1gap2/Ripor2/Mylip/Mctp2/Ifi214/Uba7/Ripor2/L1cam/Hid1/Wscd2/Gas7/Mylip/Mctp2/Ccpg1/Maf/Klf3/Rasa3/Syne2/Klf3/Uba7/Ccpg1/Rasa3/Sorl1/Rbl2/Mctp2/Slfn1/Sgk1/Bcas3/Pltp/Ccpg1/St3gal6/Ripor2/Gas7/Hid1/Ifit1bl1/Zfp36/Klhl6/Zfp36/Prkcq/Ppp3ca/S1pr4/Zfp945/Zfp945/BC147527/Sgk1/Bcas3/Mctp2/Ripor2/Zfp945/Tmem71/Cdkn1b/Cdkn1b/Stk17b/Ccpg1/Ccpg1/Uba7/Uba7/Uba7/Gimap6/Uba7/Itgb3/Trim5/Tgfbr2/Tgfbr2/Acp5/Stk17b/Hid1/Hid1/Oas3/Cd200r4/Cd200r4/Acp5/Rasa3/Stk17b/Ifi27/Syne2/Prex1/Ccpg1/Hid1/Rasa3/Prex1/Lat2/Prkcq/Ctso/Gimap6/Txk/Uba7/Lat2/Apol7e/Mxd1/Sgk1/Prex1/Gas7/Bcas3/Epsti1/Maf/Klhl6/Uba7/Mxd1/Sgk1/Ifi27/Ifi27/Rab19/Klhl6/Ifi27/Mxd1/Ifi27/Apol7e/Uba7/Syne2/Hsd11b1/Gm11346/Rap1gap2/Bcas3/Klhl6/Lat2/Cd200r4/Sgk1/Mxd1/Epsti1/Lat2/Gimap6/Gimap6/Dtx1/Oas1a/Hid1/Cd55/Itgb3/Cd55/Cd55/Ddx60/Gm11346/Oas3/Cd55/Uba7/Gm11346/Prex1/Lat2/Sp100/Gm11346/Hid1/Lrrc75b/Klf11/L1cam/Txk/Txk/Txk/Txk/Ifit3/Txk/Klf11/Rasa3/Rtp4/Klf11/Hsd11b1/Gas7/Cd55/Sema4a/Sp100/Hsd11b1/Sema4a/Sema4a/Sema4a/Sema4a/Hsd11b1/Dtx1/Cmpk2/Sema4a/Pik3ip1/Hsd11b1/Rasa3/Cmpk2/Mxd4/Sp100/Adrb2/Mxd4/Cd7/Cd7/Arl4c/Arl4c/Sema4a/Pik3ip1/Mxd4/Pik3ip1/Cmpk2/Mxd4/Ifi208/Cd1d1/Wscd2/Rnf125/Pik3ip1/Sema4a/Tsc22d3/Arl4c/Rnf125/Pik3ip1/Ifi206/Hmgb1-ps8/Ifit3b/Cmpk2/Cd1d1/Cd1d1/Ifi206/Sema4a/Ddx60/Ifi208/Tsc22d3/Ifi208/Klrd1/Klrd1/Klrd1/Cd1d1/Klrd1/Hsd11b1/Cd1d1/Pik3ip1/Pik3ip1/Dtx1/Ifi213/Pik3ip1/Dtx1/Pik3ip1/Klrd1/Ddx60/Rtp4/Gramd3/Gramd3/Gramd3/Tsc22d3/Tsc22d3/Tsc22d3/Baiap3/Baiap3/Gramd3/Baiap3/Lrrc75b/Rtp4/Rtp4/S1pr1/Baiap3/Ggt1/Baiap3/Klf2/Baiap3/Ddx60/Ifi213/Irf7/Ggt1/Tcp11l2/Ggt1/Tcp11l2/Ifi213/Ifi213/Irf7/Irf7/Irf7/Irf7/Baiap3/Irf7/Irf7/Tcp11l2/Ggt1/Irf7/Ggt1/Ggt1/Irf7/Irf7
NAV_up,NAV_up,321,-0.5151365573618443,-4.421554007992901,0.0029940119760479044,0.0047904191616766475,0.0012606366214938543,7778,"tags=65%, list=29%, signal=48%",Chd3/Wdr19/Wdr19/Prrc2c/Kbtbd2/Crtc3/Kcnmb4/Chd3/Tanc1/Kbtbd2/Rab3ip/Sfpq/Akap9/Tnfrsf14/Ankrd11/Sfpq/Rps27rt/Mettl8/Zfp644/Ppm1b/Sfpq/Tbk1/Tbk1/Grk6/Rbm33/Chd6/Il11ra1/Auts2/Wdr19/Auts2/Cplane1/Amigo2/Amigo2/Sptbn1/Atp1b1/Bptf/Tnfrsf14/Tnfrsf14/Arhgef1/Etv3/Etv3/Etv3/Kmt2c/Ppm1b/Nedd4l/Tnfrsf14/Zfp354c/Zfp644/Ier5/Crtc3/Arid4b/Rnf123/Chd3/Auts2/Srsf5/Chd3/Epc1/Il11ra1/Chd3/Chd3/Parp8/Sptbn1/Sptbn1/Atp10d/Fam169b/Il11ra1/Paip2/Pip4k2a/Rbm22/Arid4b/Fbxl3/Lix1/Tnrc6c/Tnrc6c/Tnrc6c/Zfp369/Kcnmb4/Jmjd1c/Tnrc6b/Sos1/Ankrd12/Prrc2c/Ankrd11/Arid4b/Hsd17b11/Rnf144a/Thra/Ppm1b/Jmjd1c/Zfp326/Arid4a/Hmbox1/Fam169b/Fam169b/Tnik/Gna13/Akap9/Bbs2/4921524J17Rik/Dip2b/Ift80/4921524J17Rik/Prrc2c/Kmt2c/Ift80/Crtc3/Cplane1/Chd3/Nedd4l/Tnrc6b/Zfp326/Sos1/Bcl10/Lypd6b/Adgrg3/Ralgps2/Parp10/Actn1/Helz2/4921524J17Rik/Tbcel/Arhgef1/Zfp326/Zfp326/Chd6/Rps11-ps1/Ddx6/Tbcel/Ssh2/Paip2/Adgrg3/Tbcel/Actn1/Acin1/Cdk11b/Zfp773/Bcl10/Sptbn1/Pde6h/Rapgef6/Ddx6/Ddx6/Atp1b1/Ankrd12/Cdk11b/Pi4k2a/Zc3h6/Tspan32/Nif3l1/Helz2/Helz2/Rapgef6/Pi4k2a/Gm8189/Tnrc6b/Tanc1/Zfp326/Parp8/Parp8/Kmt2c/Tnrc6c/Crtc3/Zbtb4/Rlim/Fbxl3/Epc2/Fbxl3/Fbxl3/Arid4b/Zbtb4/Ift80/Npc2/Cdk11b/Cdk11b/Kmt2c/Tanc1/Sh3pxd2a/Zc3h6/Rpl17-ps3/Hif1an/Hsd17b11/Fbxl3/Chd2/Tanc1/Il11ra1/Tbcel/Arid4a/Cdk11b/Kdm6b/Fchsd2/Ginm1/Ginm1/Zfp354c/Fam169b/Arhgef1/Tbcel/Rab3ip/Rab3ip/Actn1/Cdk11b/Cracr2a/Chd2/Actn1/Chd6/Rapgef6/Zfp354c/Smurf2/Nsg2/Rapgef6/Thra/Foxo4/Nedd4l/Tnik/Kcnmb4/Tnrc6b/Foxo4/Arid4b/Dzip1/Impact/Rbm39/Zfp326/Jmjd1c/Rnf123/Impact/Rictor/Tnrc6b/Arid4a/Arid4b/Rbm39/Rictor/Kdm6b/Elf1/Pik3cd/Parp8/Jmjd1c/Paip2/Bcl10/Ranbp10/Arhgef1/Arhgef11/Rictor/Rbm39/Art4/Il6ra/Rapgef6/Rapgef6/Arhgef1/Atp10d/Atp10d/Impact/Kmt2c/Smurf2/Dip2b/Cplane1/Impact/Smarca2/Smarca2/Sox4/Jmjd1c/Peli1/Parp10/Nsun6/Tnrc6c/Selenop/Peli1/Tanc1/Actn1/Npc2/Tnrc6c/Nedd4l/Nedd4l/Nedd4l/Selenop/Rapgef6/Rnf144a/Gm13233/Ankrd12/Rbm39/Rbm39/Syne1/Sptbn1/Srsf5/Tbk1/Arid4b/Foxo4/Zbtb4/Srsf5/Tnrc6b/Rnf144a/Arid4b/Ksr2/Arid4a/Il6ra/Elf1/Dzip1/Dip2b/Chd2/Chd6/Cdk11b/Selenop/Fam169b/Siah1a/Stx2/Smarca2/Ssh2/Shank1/Rbm39/Rbm39/Rbm39/Shank1/Rbm39/Bend5/Arhgef11/Klf13/Smarca2/Jmjd1c/Jmjd1c/Bend5/Dzip1/Dzip1/Rab3gap1/Sh3pxd2a/Zfp326/Hif1an/Dzip1/Tnrc6b/Tanc1/Rgmb/Sbsn/Sbsn/Ccr9/Bend5/Klhdc1/Bend5/Dip2b/Gm8189/Fchsd2/Phf1/Gm17971/Smarca2/Foxo1/Klf13/Npc2/Smarca2/Rnf144a/Rnf144a/Ginm1/Phf1/Epc1/Phf1/Phf1/Smarca2/Mepce/Rbm39/Mepce/Chd2/Rab3ip/Chd2/Ski/Smarca2/Ranbp10/Tnrc6b/Mepce/Sh3pxd2a/Dip2b/Mepce/Map4k4/Paip2/Paip2/Klf13/Rgmb/Sptbn1/Dock8/Map4k4/Tnfrsf12a/Smarca2/H2-Q4/Smarca2/Elf1/H2-Q4/Smarca2/Klf13/Rgmb/Pmepa1/Hal/Dock8/Rbm39/Pmepa1/Rgmb/Bend5/Syne1/Ablim1/Smarca2/Mgst2/Nedd4l/Smarca2/Smarca2/Hal/Ccr9/Smarca2/Arhgef11/Arhgef11/Smarca2/Chd2/Smarca2/Smarca2/Mgst2/Mgst2/Tnfrsf12a/Slc25a27/Dzip1/Mepce/Selenop/Mgst2/Tnfrsf12a/E030030I06Rik/Nedd4l/Ablim1/Lef1/Ablim1/Chd2/Nedd4l/Chd2/Dzip1/Nsg2/Ski/Ski/Fchsd2/Tspan13/Mgst2/Fam209/Clk1/E030030I06Rik/Tspan13/Chd2/Tnfrsf12a/Syne1/E030030I06Rik/Ccr9/Tspan13/Tnfrsf12a/She/Dzip1/Tnfrsf12a/Nedd4l/Fyb/Chd2/Mgst2/Map4k4/Tmem108/Ccr9/Ablim1/Map4k4/Nedd4l/Peli1/Smarca2/Map4k4/Grap2/Sbsn/Ablim1/Ablim1/Clk1/Grap2/Ablim1/Ablim1/Clk1/Chd2/Patj/Grifin/Gm12846/Itgae/Chd2/Nedd4l/Clk1/Jund/Map4k4/Gm11737/Lef1/Ssh2/Axin2/Ssh2/Ggt5/Nedd4l/Clk1/Ccr9/Chd2/Actn1/Ggt5/Fbxl22/Lef1/Clk1/Smad7/Actn1/Sh3pxd2a/Ssh2/Gbp8/E030030I06Rik/Clk1/Galnt9/Galnt9/Map4k4/Axin2/Map4k4/Lef1/Prkcq/Ggt5/Gadd45a/Ampd1/Lef1/Ggt5/Smad7/Ggt5/Patj/Smad7/Nedd4l/Chd2/Gadd45a/Gadd45a/Otud1/Grap2/Gadd45a/Fyb/Cmah/Chd2/Clk1/Gria3/Axin2/Syne1/Dyrk2/Ksr2/Cnga1/Klhdc1/Prkcq/Fyb/Chd2/Gadd45a/Pdlim4/Cmah/Gbp8/Ablim1/Fyb/Klhdc1/Bend5/Dyrk2/Grap2/Ggt5/Map4k4/Dyrk2/Fyb/Gbp8/Tdrp/Gadd45a/Rgcc/Prkcq/Gadd45a/Trim12a/Trim12a/Rgs2/Zeb1/Cmah/Zeb1/Map4k4/Fyb/Rgs2/Zeb1/Zeb1/Zeb1/Rgs2/Cmah/Gnal/Itgae/Rgs2/Trim12a/Tnnt3/Axin2/Eps8l1/Rapgef4/Prkcq/Gnal/Gbp8/Pdlim4/Syne1/Trim12a/Jakmip1/Ssh2/Trib2/Fyb/Rapgef4/Acvrl1/Ampd1/Ampd1/Cbx4/Cmah/Tdrp/Dgka/Hal/Bambi/Dgka/Gm20219/Fyb/Cyp2d22/Slc16a5/Prkcq/Trib2/Slc16a5/Tdrp/Tdrp/Trib2/Trib2/Dgka/Sell/Zeb1/Rgmb/Tdrp/Fyb/Slc16a5/Acvrl1/Itpkb/Acvrl1/Sik1/Jakmip1/Kdm7a/Itpkb/Gria3/Gria3/Gria3/Cbx4/Jakmip1/Sik1/Jakmip1/Patj/Jakmip1/Prkcq/Sell/Acvrl1/Sik1/Patj/Jakmip1/Jakmip1/Jakmip1/Patj/Trim12a/Jakmip1/Cyp2d22/Cyp2d22/Gm14085/Gria3/Jakmip1/Pde4b/Slc16a5/Kdm7a/Slc16a5/Nedd4l/Pdlim4/Pdlim4/Tnnt3/Tnnt3/Rapgef4/Rapgef4/Slc16a5/Jakmip1/Sell/Rab4a/Slc16a5/Rab4a/Ddx58/Rapgef4/B430306N03Rik/Patj/Syne1/Tdrp/Tnnt3/Matk/Cyp2d22/Axin2/Axin2/Axin2/Pde4b/Zfp36l2/Matk/Arhgap31/Pde4b/Acvrl1/Zeb1/Matk/Matk/Matk/Cd55/Gria3/Rapgef4/Cd55/Pde4b/Rflnb/Cd55/Ddx58/Ddx58/Tnnt3/Cd55/Gm14085/Dnajb9/Nedd4l/Tnfaip3/Lrrc75b/Slc6a19/Slc6a19/Tnfaip3/Zeb1/Zeb1/Jakmip1/Arhgap31/Ddx58/Rapgef4/Tmem108/Rnf144a/Ddx58/Cd55/Ddx58/Lcn4/Ifngr2/Tnfaip3/Tnfaip3/Rab4a/Ifngr2/Tnfaip3/Fam241a/Rnf144a/Arhgap31/Fam241a/Slc6a19/Patj/Rapgef4/Zrsr1/Zrsr1/Tnnt3/Btg1/Dnajb9/Tnfaip3/Ifngr2/Zrsr1/Ddx58/Btg1/Bambi-ps1/Ppp1r15a/Ppp1r15a/Ifi208/Ddx58/P2ry10/P2ry10/P2ry10/Patj/Ampd1/Ppp1r15a/Frat2/Ifi208/Oas2/Ifi208/Plaur/Ifi213/Plaur/Plaur/Plaur/Kcnc1/Plaur/Oas2/Kcnc1/Ddx58/Ampd1/Abca1/Lrrc75b/B430306N03Rik/B430306N03Rik/Kcnc1/Irs2/Gm8062/Apol8/Apol8/Ifi213/Fos/Fos/Ifi213/Ifi213/Klf4/Apol8/Fos/Klf4/Oas2/Klf4/Abca1/Fosb/Fosb/Apol8/Fosb
TE_dn,TE_dn,125,0.20691160457627122,1.3827048356945078,0.009065457938941474,0.013186120638460325,0.003470031746963243,10832,"tags=58%, list=41%, signal=35%",Ptpn5/Slc19a1/Tnf/Tnf/Ptpn5/Ptpn5/Ptpn5/Ptpn5/Ptpn5/Srm/Srm/Slc19a1/Izumo1r/Slc19a1/Ptpn5/Srm/3110082I17Rik/Usp44/2900026A02Rik/Izumo1r/Usp44/St14/St14/St14/3110082I17Rik/Pecr/Pecr/Pecr/3110082I17Rik/3110082I17Rik/Shmt2/St14/Atad3a/Shmt2/Slc19a1/Shmt2/Gys1/Shmt2/Shmt2/2900026A02Rik/Shmt2/Atad3a/Dph1/Kit/AW209491/Shmt2/Gys1/Gys1/Atad3a/Atad3a/Dph1/Dph1/Qtrt2/Atad3a/Atad3a/Atad3a/Nop2/Prmt5/Prmt5/Dph1/Nop2/Trpm1/Atad3a/C1qbp/Dph1/Rrp8/Prmt5/AW209491/Tnfrsf18/C1qbp/Prmt5/AW209491/Prmt7/Bysl/C1qbp/Myc/Prmt5/Smyd2/Phb2/Prmt7/Qtrt2/Prmt7/Prmt7/Ctsz/Qtrt2/Myc/Prmt7/Myc/Tomm40/Myc/Myc/Scrn2/Scrn2/Tnfrsf18/Tnfrsf18/Qtrt2/Qtrt2/Trpm1/Bud23/Tnfrsf18/Gart/Tnfrsf18/Parvg/Zmym3/Phb2/Parvg/Vars/Dgat2/Gart/Gart/Gys1/Smyd2/Scrn2/Rrp8/Smyd2/Parvg/Zc3h12d/Myc/Prmt5/Gart/Qtrt2/Gart/Gart/Gart/Gm9118/Smyd2/Rtn4ip1/Qtrt2/Tomm40/Tomm40/Parvg/Rrp8/Prmt7/Ipo4/Rtn4ip1/Tomm40/Slc35c2/Ipo4/Ipo4/Tsc22d1/Tsc22d1/Tsc22d1/Tsc22d1/Gys1/1300017J02Rik/Ipo4/Lap3/Gys1/Ppan/Vars/Vars/Vars/G6pc3/Ipo4/Cct3/Ipo4/Ipo4/Ipo4/Nsun2/Tomm40/Rrp8/Dgat2/Ppan/Ppan/Ppan/Slc35c2/Ppan/Lap3/Tomm40/Ipo4/Ppan/Eno3/Rrp8/Lap3/Moap1/Moap1/G6pc3/Nsun2/Dgcr6/Cmya5/Ppan/Lap3/Dph7/Tsc22d1/Tsc22d1/Dapl1/Dapl1/Fbh1/Parvg/Dgat2/Slc35c2/Fbh1/Gart/Dph7/Rrp8/Parvg/Slc35c2/Slc35c2/Nsun2/Slc35c2/Slc35c2/St13/Nop58/Galk1/Slc35c2/Ipo4/Tsc22d1/Ipo4/Cd320/Vars/Dgcr6/Tsc22d1/Lpcat3/Slc25a22/Slc35c2/Lap3/Phb2/Nop58/Slc35c2/Dph7/G6pc3/G6pc3/Lrpprc/Lap3/Nsun2/Lpcat3/Gart/Nr2c1/Cct3/Phb2/Nr2c1/Cct3/Cct3/Cct3/Cct3/Cct3/Nop58/Dph7/Dph7/Dph7/Urb2/Nr2c1/Nsun2/Lrpprc/Lpcat3/Dgcr6/Lpcat3/Nop58/Eno3/Mybbp1a/Nop58/Nop58/Urb2/Ptcd3/Mboat7/Nop58/Cct3/Nop58/Cd320/Ptcd3/G6pc3/Fbh1/St13/Med22/Fbh1/Nop58/Cd320
DP_dn,DP_dn,42,0.24223455746217887,1.395403104062727,0.03362151777137368,0.04482869036183157,0.01179702377942936,4157,"tags=23%, list=16%, signal=19%",Inpp4b/Stc2/Stc2/Stc2/Stc2/Stc2/Synpo/Synpo/Synpo/Synpo/Synpo/Synpo/Synpo/Synpo/Synpo/Mmachc/Mmachc/Pcyox1/Synpo/Crtam/Crtam/Zfp7/Angptl2/Angptl2/Zfp976/Angptl2/Pcyox1/Zfp976/Zfp7/Zfp7/Zfp7/Gemin4/Pcyox1/Eef2kmt/Eef2kmt/Angptl2
EXH_up,EXH_up,214,-0.14085705396333026,-1.1327298645172514,0.08041958041958042,0.09897794513179128,0.026046827666260864,6897,"tags=31%, list=26%, signal=24%",Kat5/Sf1/Sh2d2a/Rcn1/Csnk1e/Itpk1/Suco/Chfr/Sytl3/Suco/Capn2/Lilrb4a/Yju2/Yju2/Chn2/Xdh/Kat5/Kat5/Kat5/Kat5/Kat5/Kat5/Sf1/Aplp2/Tfeb/Aplp2/Aplp2/Sf1/Lgals3bp/Slc38a10/Ubc/Kif5c/Ubc/Herc6/Cast/Cast/Suco/Prkch/Prkch/Prkch/Ubc/Cast/Dis3l2/Suco/Fchsd1/Herc6/Suco/Sf1/Tfeb/Rcn1/Plec/P2ry10b/P2ry10b/P2ry10b/Plec/Herc6/Serinc5/P2ry10b/Aplp2/Xdh/9930111J21Rik1/Lilrb4a/Lilrb4a/Lilrb4a/Lilrb4a/Lilrb4a/Fchsd1/Sdcbp2/Herc6/Fchsd1/Plec/Sytl3/Lgals3bp/Ripk3/Adssl1/Cast/Fchsd1/Pear1/Herc6/Nr4a2/Aplp2/Aplp2/Lgals3bp/Syt11/Ripk3/Ripk3/Suco/Lgals3bp/Capn2/Rasgef1b/Plec/Lgals3bp/Herc6/Pear1/Tox/Hrh2/Rbl2/Rbl2/Sytl3/Ripk3/Slc2a9/Rbl2/Slc2a9/Gpr137b-ps/Gpr137b-ps/Suco/Fbxl2/Fchsd1/Gpr137b/Pear1/Pear1/Xdh/Xdh/Ube2l6/Sytl2/Xdh/Pear1/Gpr137b/Gpr137b/Fchsd1/Slc2a9/Ripk3/Nr4a2/Rbl2/Rbl2/Il21r/Il21r/Trp53i11/Trp53i11/Xdh/Gpr137b/Xdh/9930111J21Rik1/Fbxl2/Abtb2/Sytl2/Sytl2/Trp53i11/Trp53i11/Rbl2/Rbl2/Sytl2/Chn2/Pear1/Pear1/Fbxl2/Ripk3/Ube2l6/Prex1/Prex1/Gbp10/Man1c1/Man1c1/Trp53i11/Sytl2/Pear1/Sytl3/Gsn/Sytl2/Sytl2/Sytl2/Mfsd6/Prex1/Cpeb2/Mfsd6/Lilrb4a/Xdh/Gsn/Gsn/Abtb2/Rasgef1b/Sytl3/Gpr137b-ps/Cast/Rbl2/Gpr137b-ps/Frmd4b/Mfsd6/Prex1/Gsn/Lat2/Gsn/Btbd16/Lat2/Lat2/Gbp10/Cpeb2/Cpeb2/Btbd16/Btbd16/Wscd2/Cpeb2/Mfsd6/Rbl2/Kif5c/Gem/Frmd4b/Gem/Mfsd6/Cd200r4/Cd200r4/Frmd4b/Prex1/Prex1/Lat2/Rasgef1b/Lat2/Mxd1/Prex1/Mxd1/Mxd1/Lat2/Cd200r4/Mxd1/Lat2/Spock2/Spock2/Prex1/Lat2/Spock2/Ifit3/Rtp4/Cmpk2/Ccrl2/Ccrl2/Cmpk2/Cd7/Cd7/Cmpk2/Wscd2/Cmpk2/Ccrl2/Frmd4b/Frmd4b/Rtp4/Frmd4b/Baiap3/Baiap3/Baiap3/Rtp4/Rtp4/Baiap3/Baiap3/Baiap3/Irf7/Irf7/Irf7/Irf7/Irf7/Baiap3/Irf7/Irf7/Irf7/Irf7/Irf7
EE_dn,EE_dn,60,0.18479999688281346,1.1162363988492174,0.24584304584304584,0.28096348096348095,0.07393775814828446,12338,"tags=59%, list=46%, signal=32%",Cth/Cth/Cth/Cth/Heg1/Ptpn6/Hgh1/Hgh1/Ptpn6/Heg1/Ptpn6/Heg1/Heg1/Heg1/Hgh1/Ptpn6/Ptpn6/Heg1/Heg1/Mat2a/Cdc23/Mat2a/Ubqln4/Haus5/Rcor3/Ptpn6/Cdc23/Rcor3/Rcor3/Ubqln4/Fam131a/Ptpn6/Hif3a/Cdc23/Mus81/Cdc23/Mat2a/Mat2a/Ubqln4/Fance/Rcor3/Tcerg1/Ptpn6/Sclt1/Cdc23/Rfx5/Ptpn6/Mus81/Cherp/Fance/Hif3a/Ubqln4/Cherp/Fance/Fance/Fance/Tcerg1/Cdc23/Tcerg1/Rfx5/Ubqln4/Slc7a6/Ppm1g/Tcerg1/Slc7a6/Slc7a6/Tcerg1/Slc7a6/Ppm1g/Gm14681/Tcerg1/Fance/Mat2a/Fmnl3/Fmnl3/Tcerg1/Slc7a6/Tcerg1/Tcerg1/Fance/Fance/Fance/Fance/Cherp/Rspry1/Mat2a/Ppm1g/Ppm1g/Cherp/Eif4b/Cherp/Rfx5/Slc52a2/Haus5/Haus5/Slc52a2/Rfx5/Eif4b/Hdgfl2/Mat2a/Rspry1/Cherp/Rcor3/Rcor3/Eif4b/Haus5/Ppp2r5d/Ppp2r5d/Hdgfl2/Hdgfl2/Hdgfl2/Rfx5/Entpd6/Rfx5/Map2k5/Entpd6/Ppm1g/Hspa4/Entpd6/Rfx5/Rfx5/Rfx5
TE_up,TE_up,40,-0.17913965099682472,-1.0643703403465232,0.34444729417799436,0.367410447123194,0.09668695976926157,7161,"tags=39%, list=27%, signal=28%",H3f3a/Rap1b/H3f3a/Vamp4/Vamp4/H3f3a/Ppp1r12a/Ppp1r12a/Ppp1r12a/Il18rap/H3f3a/Ppp1r12a/Il18rap/Dock11/Fam214a/Gm12258/Vamp4/Fam214a/Fam214a/Dock11/Ppp1r12a/Vamp4/Gabarapl2/Pgm2l1/Pgm2l1/Gabarapl2/Rap1b/Cript/Fam214a/Cript/Cript/Pgm2l1/Gm19684/Fam214a/Gvin1/Gvin1/2610528A11Rik/Fam214a/Ccl5/Rap1gap2/Gabarapl2/Ccl5/Rap1gap2/Rap1gap2/Rap1gap2/Klrd1/Klrd1/Klrd1/Klrd1/Klrd1
EE_up,EE_up,50,-0.14207249010421408,-0.8954095026576938,0.7192790824685964,0.7192790824685964,0.18928396907068326,8788,"tags=38%, list=33%, signal=26%",Sf3b1/Zfpl1/Sf3b1/Sfr1/Sf3b1/Sf3b1/Sf3b1/Arpc5/Arpc5/Sf3b1/Sf3b1/Vamp5/Vamp5/Sri/Sri/Wdfy1/Sri/Cd68/Dnajb6/Tmem192/Tmem192/Dnajb6/Cd68/Cd68/Sri/Dnajb6/Casp6/Myl12b/Sri/Phlpp1/Gna15/Ropn1l/Sri/Dnajb6/Myl12b/Esco1/Sri/Igf2r/Gna15/Casp6/Igf2r/Dnajb6/Irak3/Irak3/Irak3/Phlpp1/Vamp5/Atg101/Ifi27l2a/Atg101/Igf2r/Gna15/Dnajb6/Phlpp1/Chmp1b/Atg101/Casp6/Dnajb6/Ifi27/Ifi27/Ifi27/Rab19/Ifi27/Ifi27/Pabpc1l/Pabpc1l/Pabpc1l/Pabpc1l/Pabpc1l
