gs_name,gene_symbol
WTvsKO_0h_up,Gpd2
WTvsKO_0h_up,Cers6
WTvsKO_0h_up,Tmem154
WTvsKO_0h_up,Fam71b
WTvsKO_0h_up,Myo18a
WTvsKO_0h_up,Gcnt4
WTvsKO_0h_up,Tcf4
WTvsKO_0h_up,Cd55
WTvsKO_0h_up,Arhgap21
WTvsKO_0h_up,Gtf2ird1
WTvsKO_0h_up,Sox5
WTvsKO_0h_up,Edaradd
WTvsKO_0h_dn,Vwa3b
WTvsKO_0h_dn,Stat1
WTvsKO_0h_dn,Nuak2
WTvsKO_0h_dn,Il15ra
WTvsKO_0h_dn,Gbp5
WTvsKO_0h_dn,Gbp3
WTvsKO_0h_dn,Gbp2
WTvsKO_0h_dn,E2f2
WTvsKO_0h_dn,Rgs12
WTvsKO_0h_dn,Kit
WTvsKO_0h_dn,Irf8
WTvsKO_0h_dn,Casp4
WTvsKO_0h_dn,Kif15
WTvsKO_0h_dn,Lilr4b
WTvsKO_0h_dn,Ppa1
WTvsKO_0h_dn,Chst11
WTvsKO_0h_dn,Gm12250
WTvsKO_0h_dn,Igtp
WTvsKO_0h_dn,Irgm2
WTvsKO_0h_dn,Gas7
WTvsKO_0h_dn,Rnf43
WTvsKO_0h_dn,Serpina3f
WTvsKO_0h_dn,Serpina3g
WTvsKO_0h_dn,Irf4
WTvsKO_0h_dn,Cacnb3
WTvsKO_0h_dn,Gm4951
WTvsKO_0h_dn,Gm5970
WTvsKO_0h_dn,F830016B08Rik
WTvsKO_0h_dn,Iigp1
WTvsKO_0h_dn,Cd74
WTvsKO_0h_dn,Cd274
WTvsKO_0h_dn,Tmem163
WTvsKO_0h_dn,Slamf7
WTvsKO_0h_dn,Cfap77
WTvsKO_0h_dn,Neb
WTvsKO_0h_dn,Samhd1
WTvsKO_0h_dn,Kif1b
WTvsKO_0h_dn,Rasgef1b
WTvsKO_0h_dn,Gbp8
WTvsKO_0h_dn,Gbp9
WTvsKO_0h_dn,Gbp4
WTvsKO_0h_dn,Gm43302
WTvsKO_0h_dn,Gbp10
WTvsKO_0h_dn,Gbp6
WTvsKO_0h_dn,Gbp11
WTvsKO_0h_dn,Lrrk1
WTvsKO_0h_dn,Gm4070
WTvsKO_0h_dn,Gvin1
WTvsKO_0h_dn,Stk32c
WTvsKO_0h_dn,9330175E14Rik
WTvsKO_0h_dn,Kdm4d
WTvsKO_0h_dn,Fbxl2
WTvsKO_0h_dn,Plek
WTvsKO_0h_dn,Irgm1
WTvsKO_0h_dn,Gm12185
WTvsKO_0h_dn,Tgtp1
WTvsKO_0h_dn,Tgtp2
WTvsKO_0h_dn,Kif18b
WTvsKO_0h_dn,Rnf157
WTvsKO_0h_dn,Tk1
WTvsKO_0h_dn,Wars
WTvsKO_0h_dn,Cysltr2
WTvsKO_0h_dn,Ly6a
WTvsKO_0h_dn,Racgap1
WTvsKO_0h_dn,Cd86
WTvsKO_0h_dn,Prelid2
WTvsKO_0h_dn,AC132320.1
WTvsKO_0h_dn,Synpo
WTvsKO_0h_dn,Setbp1
WTvsKO_6h_up,Il1rl2
WTvsKO_6h_up,Batf3
WTvsKO_6h_up,Gbp5
WTvsKO_6h_up,Rnf19b
WTvsKO_6h_up,Cdk6
WTvsKO_6h_up,Tnip3
WTvsKO_6h_up,Mfhas1
WTvsKO_6h_up,Inpp4b
WTvsKO_6h_up,Irf8
WTvsKO_6h_up,Thy1
WTvsKO_6h_up,Cish
WTvsKO_6h_up,Eif4enif1
WTvsKO_6h_up,Lif
WTvsKO_6h_up,Fam71b
WTvsKO_6h_up,Irf1
WTvsKO_6h_up,Klf6
WTvsKO_6h_up,Gadd45g
WTvsKO_6h_up,Gcnt4
WTvsKO_6h_up,Agpat4
WTvsKO_6h_up,Rhoq
WTvsKO_6h_up,Malt1
WTvsKO_6h_up,Sh2d1a
WTvsKO_6h_up,Dock10
WTvsKO_6h_up,Bcl2
WTvsKO_6h_up,Gm37053
WTvsKO_6h_up,Atf3
WTvsKO_6h_up,Cd44
WTvsKO_6h_up,Rmdn3
WTvsKO_6h_up,Tmem131l
WTvsKO_6h_up,Ankrd6
WTvsKO_6h_up,Ezh2
WTvsKO_6h_up,Gprin3
WTvsKO_6h_up,Il12rb2
WTvsKO_6h_up,Frmd4b
WTvsKO_6h_up,Flt3l
WTvsKO_6h_up,Fes
WTvsKO_6h_up,A630091E08Rik
WTvsKO_6h_up,Izumo1r
WTvsKO_6h_up,Gm39323
WTvsKO_6h_up,Hemk1
WTvsKO_6h_up,Ccr4
WTvsKO_6h_up,Agpat3
WTvsKO_6h_up,Myo1g
WTvsKO_6h_up,Itk
WTvsKO_6h_up,Tbx21
WTvsKO_6h_up,Tbkbp1
WTvsKO_6h_up,Prkca
WTvsKO_6h_up,Egln3
WTvsKO_6h_up,Ptger4
WTvsKO_6h_up,Slc14a1
WTvsKO_6h_dn,Ifi209
WTvsKO_6h_dn,Dusp10
WTvsKO_6h_dn,Frmd4a
WTvsKO_6h_dn,Rapgef4
WTvsKO_6h_dn,Slc28a2
WTvsKO_6h_dn,Klrd1
WTvsKO_6h_dn,Lockd
WTvsKO_6h_dn,Stard10
WTvsKO_6h_dn,Podnl1
WTvsKO_6h_dn,Gm44503
WTvsKO_6h_dn,Plagl1
WTvsKO_6h_dn,Scml4
WTvsKO_6h_dn,Nsg2
WTvsKO_6h_dn,Itgae
WTvsKO_6h_dn,Itgb3
WTvsKO_6h_dn,Serpina3f
WTvsKO_6h_dn,Serpina3g
WTvsKO_6h_dn,Cmah
WTvsKO_6h_dn,Ripor2
WTvsKO_6h_dn,Epsti1
WTvsKO_6h_dn,Fyb
WTvsKO_6h_dn,Kat2b
WTvsKO_6h_dn,Gramd3
WTvsKO_6h_dn,Gm4951
WTvsKO_6h_dn,Gm5970
WTvsKO_6h_dn,F830016B08Rik
WTvsKO_6h_dn,Impa2
WTvsKO_6h_dn,Ldlrad4
WTvsKO_6h_dn,Pla2g16
WTvsKO_6h_dn,Ms4a4c
WTvsKO_6h_dn,Gpr174
WTvsKO_6h_dn,Nuf2
WTvsKO_6h_dn,Mndal
WTvsKO_6h_dn,Fam78a
WTvsKO_6h_dn,Dpp4
WTvsKO_6h_dn,Sla2
WTvsKO_6h_dn,Ift80
WTvsKO_6h_dn,S1pr1
WTvsKO_6h_dn,Bend4
WTvsKO_6h_dn,Hsd17b11
WTvsKO_6h_dn,St8sia1
WTvsKO_6h_dn,Zfp773
WTvsKO_6h_dn,Arrdc4
WTvsKO_6h_dn,Art2b
WTvsKO_6h_dn,Kdm4d
WTvsKO_6h_dn,Ipcef1
WTvsKO_6h_dn,Gm26740
WTvsKO_6h_dn,Plxnc1
WTvsKO_6h_dn,Plek
WTvsKO_6h_dn,Rflnb
WTvsKO_6h_dn,Card19
WTvsKO_6h_dn,Susd3
WTvsKO_6h_dn,Slc6a19
WTvsKO_6h_dn,Gm30054
WTvsKO_6h_dn,Colq
WTvsKO_6h_dn,Gm49387
WTvsKO_6h_dn,Serp2
WTvsKO_6h_dn,Rgcc
WTvsKO_6h_dn,Tmem71
WTvsKO_6h_dn,Bcl6
WTvsKO_6h_dn,Runx1
WTvsKO_6h_dn,AC132320.1
WTvsKO_6h_dn,Itm2a
WTvsKO_24h_up,Arid5a
WTvsKO_24h_up,Batf3
WTvsKO_24h_up,Il2ra
WTvsKO_24h_up,Gm37881
WTvsKO_24h_up,Vim
WTvsKO_24h_up,St6galnac4
WTvsKO_24h_up,Nek6
WTvsKO_24h_up,Rragd
WTvsKO_24h_up,Nr4a3
WTvsKO_24h_up,Rnf19b
WTvsKO_24h_up,Zfp683
WTvsKO_24h_up,Epha2
WTvsKO_24h_up,Cdk6
WTvsKO_24h_up,Gpr146
WTvsKO_24h_up,Amz1
WTvsKO_24h_up,Fbln2
WTvsKO_24h_up,Plaur
WTvsKO_24h_up,Lrrc32
WTvsKO_24h_up,Eef2k
WTvsKO_24h_up,Gpt2
WTvsKO_24h_up,Irf8
WTvsKO_24h_up,Gpr83
WTvsKO_24h_up,Sema7a
WTvsKO_24h_up,Cish
WTvsKO_24h_up,6430571L13Rik
WTvsKO_24h_up,Gm49339
WTvsKO_24h_up,Lilr4b
WTvsKO_24h_up,Lilrb4a
WTvsKO_24h_up,Ifng
WTvsKO_24h_up,Gm49751
WTvsKO_24h_up,Osm
WTvsKO_24h_up,Lif
WTvsKO_24h_up,Xbp1
WTvsKO_24h_up,Fam71b
WTvsKO_24h_up,Gm17177
WTvsKO_24h_up,Klf6
WTvsKO_24h_up,Tcrg-C4
WTvsKO_24h_up,Gadd45g
WTvsKO_24h_up,Gcnt4
WTvsKO_24h_up,Gm41333
WTvsKO_24h_up,Soat2
WTvsKO_24h_up,Cd80
WTvsKO_24h_up,Pros1
WTvsKO_24h_up,Pim1
WTvsKO_24h_up,Dlk2
WTvsKO_24h_up,Treml2
WTvsKO_24h_up,Crim1
WTvsKO_24h_up,Rhoq
WTvsKO_24h_up,AC154492.2
WTvsKO_24h_up,Malt1
WTvsKO_24h_up,Fosl1
WTvsKO_24h_up,Klf9
WTvsKO_24h_up,Foxp3
WTvsKO_24h_up,Sh2d1a
WTvsKO_24h_up,Dock10
WTvsKO_24h_up,Bcl2
WTvsKO_24h_up,Gm37053
WTvsKO_24h_up,Atf3
WTvsKO_24h_up,Ptprj
WTvsKO_24h_up,Gm26771
WTvsKO_24h_up,Trim46
WTvsKO_24h_up,Coro2a
WTvsKO_24h_up,Sesn2
WTvsKO_24h_up,Tnfrsf8
WTvsKO_24h_up,Tgfbr3
WTvsKO_24h_up,Gm27019
WTvsKO_24h_up,Lncpint
WTvsKO_24h_up,Gprin3
WTvsKO_24h_up,Il12rb2
WTvsKO_24h_up,Flt3l
WTvsKO_24h_up,Slco3a1
WTvsKO_24h_up,A630091E08Rik
WTvsKO_24h_up,Slc7a5
WTvsKO_24h_up,Izumo1r
WTvsKO_24h_up,Gm17040
WTvsKO_24h_up,Hemk1
WTvsKO_24h_up,Ccr4
WTvsKO_24h_up,Agpat3
WTvsKO_24h_up,Cfap54
WTvsKO_24h_up,Socs2
WTvsKO_24h_up,Slc26a10
WTvsKO_24h_up,Ikzf4
WTvsKO_24h_up,Sfi1
WTvsKO_24h_up,Gm12735
WTvsKO_24h_up,Itk
WTvsKO_24h_up,Tbkbp1
WTvsKO_24h_up,Tex2
WTvsKO_24h_up,Fam20a
WTvsKO_24h_up,Egln3
WTvsKO_24h_up,Gm35330
WTvsKO_24h_up,Nfil3
WTvsKO_24h_up,Kcnk5
WTvsKO_24h_up,Gzmb
WTvsKO_24h_up,Dgkh
WTvsKO_24h_up,Spef2
WTvsKO_24h_up,Maats1
WTvsKO_24h_up,Lta
WTvsKO_24h_up,Mir6974
WTvsKO_24h_up,Zfp608
WTvsKO_24h_up,Setbp1
WTvsKO_24h_up,Cndp2
WTvsKO_24h_dn,Vwa3b
WTvsKO_24h_dn,Inpp4a
WTvsKO_24h_dn,Stat4
WTvsKO_24h_dn,Sp140
WTvsKO_24h_dn,Slamf6
WTvsKO_24h_dn,Ifi209
WTvsKO_24h_dn,Cstad
WTvsKO_24h_dn,Lypd6b
WTvsKO_24h_dn,Pkp4
WTvsKO_24h_dn,Rapgef4
WTvsKO_24h_dn,Gm37004
WTvsKO_24h_dn,Itga4
WTvsKO_24h_dn,Slc28a2
WTvsKO_24h_dn,Tshz2
WTvsKO_24h_dn,Spo11
WTvsKO_24h_dn,Gm43820
WTvsKO_24h_dn,Ctso
WTvsKO_24h_dn,Fcrl1
WTvsKO_24h_dn,Slc9b2
WTvsKO_24h_dn,Mcoln2
WTvsKO_24h_dn,Tmem38b
WTvsKO_24h_dn,8030451A03Rik
WTvsKO_24h_dn,Dhrs3
WTvsKO_24h_dn,Cenpa
WTvsKO_24h_dn,Ablim2
WTvsKO_24h_dn,Kit
WTvsKO_24h_dn,Stap1
WTvsKO_24h_dn,A930024E05Rik
WTvsKO_24h_dn,Zfp862-ps
WTvsKO_24h_dn,Lockd
WTvsKO_24h_dn,Pde8a
WTvsKO_24h_dn,Gdpd5
WTvsKO_24h_dn,Trim34a
WTvsKO_24h_dn,Arntl
WTvsKO_24h_dn,Klf2
WTvsKO_24h_dn,Casp1
WTvsKO_24h_dn,Casp4
WTvsKO_24h_dn,Sesn3
WTvsKO_24h_dn,Cadm1
WTvsKO_24h_dn,Rora
WTvsKO_24h_dn,Myo1e
WTvsKO_24h_dn,Gm15891
WTvsKO_24h_dn,Ccr9
WTvsKO_24h_dn,Sgk1
WTvsKO_24h_dn,Samd3
WTvsKO_24h_dn,Scml4
WTvsKO_24h_dn,Chst11
WTvsKO_24h_dn,Nsg2
WTvsKO_24h_dn,Gm45883
WTvsKO_24h_dn,Mmd
WTvsKO_24h_dn,Wnt3
WTvsKO_24h_dn,Itgb3
WTvsKO_24h_dn,Gm36723
WTvsKO_24h_dn,Gm26839
WTvsKO_24h_dn,Serpina3f
WTvsKO_24h_dn,Serpina3g
WTvsKO_24h_dn,Cmah
WTvsKO_24h_dn,Ankrd55
WTvsKO_24h_dn,Erc2
WTvsKO_24h_dn,Fyb
WTvsKO_24h_dn,Cpq
WTvsKO_24h_dn,Tg
WTvsKO_24h_dn,Apol7e
WTvsKO_24h_dn,Gm19585
WTvsKO_24h_dn,Ehd3
WTvsKO_24h_dn,Galm
WTvsKO_24h_dn,Gramd3
WTvsKO_24h_dn,Ldlrad4
WTvsKO_24h_dn,Ms4a4c
WTvsKO_24h_dn,Ms4a4b
WTvsKO_24h_dn,Ms4a6c
WTvsKO_24h_dn,Gm8369
WTvsKO_24h_dn,Ms4a6b
WTvsKO_24h_dn,Trpm6
WTvsKO_24h_dn,Cxcr4
WTvsKO_24h_dn,Fasl
WTvsKO_24h_dn,Rcsd1
WTvsKO_24h_dn,Ifi214
WTvsKO_24h_dn,Ifi213
WTvsKO_24h_dn,Mndal
WTvsKO_24h_dn,Ifi211
WTvsKO_24h_dn,Ifi203
WTvsKO_24h_dn,Cd44
WTvsKO_24h_dn,Nol4l
WTvsKO_24h_dn,Cd160
WTvsKO_24h_dn,Cd101
WTvsKO_24h_dn,S1pr1
WTvsKO_24h_dn,St6galnac3
WTvsKO_24h_dn,1700015C17Rik
WTvsKO_24h_dn,Igfbp7
WTvsKO_24h_dn,Rasgef1b
WTvsKO_24h_dn,Abcg3
WTvsKO_24h_dn,Gm20559
WTvsKO_24h_dn,Samd9l
WTvsKO_24h_dn,Nod1
WTvsKO_24h_dn,Apobec1
WTvsKO_24h_dn,St8sia1
WTvsKO_24h_dn,Lrrk1
WTvsKO_24h_dn,Pgpep1l
WTvsKO_24h_dn,Ntrk3
WTvsKO_24h_dn,Trim12a
WTvsKO_24h_dn,Il15
WTvsKO_24h_dn,Endod1
WTvsKO_24h_dn,Kdm4d
WTvsKO_24h_dn,Gm27162
WTvsKO_24h_dn,Nrgn
WTvsKO_24h_dn,Crtam
WTvsKO_24h_dn,Tln2
WTvsKO_24h_dn,Bcl2a1d
WTvsKO_24h_dn,Ipcef1
WTvsKO_24h_dn,Gm33728
WTvsKO_24h_dn,Gm26740
WTvsKO_24h_dn,Cdh23
WTvsKO_24h_dn,Adamts14
WTvsKO_24h_dn,Pald1
WTvsKO_24h_dn,Kcnmb4
WTvsKO_24h_dn,Ifngas1
WTvsKO_24h_dn,Eldr
WTvsKO_24h_dn,Plek
WTvsKO_24h_dn,Gm12185
WTvsKO_24h_dn,9930111J21Rik1
WTvsKO_24h_dn,9930111J21Rik2
WTvsKO_24h_dn,Kcnk10
WTvsKO_24h_dn,Ryr2
WTvsKO_24h_dn,Gm11342
WTvsKO_24h_dn,Nrn1
WTvsKO_24h_dn,Colq
WTvsKO_24h_dn,Gm49387
WTvsKO_24h_dn,Phf11b
WTvsKO_24h_dn,Rgcc
WTvsKO_24h_dn,Tbc1d4
WTvsKO_24h_dn,Sntb1
WTvsKO_24h_dn,Asap1
WTvsKO_24h_dn,Kcnq3
WTvsKO_24h_dn,Tmem71
WTvsKO_24h_dn,Sla
WTvsKO_24h_dn,Card10
WTvsKO_24h_dn,Bcl6
WTvsKO_24h_dn,Cd86
WTvsKO_24h_dn,Nfkbiz
WTvsKO_24h_dn,Runx1
WTvsKO_24h_dn,Galnt14
WTvsKO_24h_dn,Xdh
WTvsKO_24h_dn,Ticam2
WTvsKO_24h_dn,AC132320.1
WTvsKO_24h_dn,AC124502.5
WTvsKO_24h_dn,Gm8189
WTvsKO_24h_dn,BE692007
WTvsKO_24h_dn,Tjp2
WTvsKO_24h_dn,Arhgef9
WTvsKO_24h_dn,Itm2a
WTvsKO_48h_up,Gm4849
WTvsKO_48h_up,Dst
WTvsKO_48h_up,Arid5a
WTvsKO_48h_up,Il18r1
WTvsKO_48h_up,Fzd7
WTvsKO_48h_up,Rpl18-ps1
WTvsKO_48h_up,Icos
WTvsKO_48h_up,Snora41
WTvsKO_48h_up,Ttll4
WTvsKO_48h_up,Cyb5r1
WTvsKO_48h_up,Snord80
WTvsKO_48h_up,Selp
WTvsKO_48h_up,Cdc42bpa
WTvsKO_48h_up,Ptpn14
WTvsKO_48h_up,Batf3
WTvsKO_48h_up,Itih5
WTvsKO_48h_up,Il2ra
WTvsKO_48h_up,Gm37881
WTvsKO_48h_up,Vim
WTvsKO_48h_up,Hspa5
WTvsKO_48h_up,Dab2ip
WTvsKO_48h_up,Nek6
WTvsKO_48h_up,Gm13522
WTvsKO_48h_up,Gpd2
WTvsKO_48h_up,Gm13546
WTvsKO_48h_up,Timm10
WTvsKO_48h_up,Chac1
WTvsKO_48h_up,Polr1b
WTvsKO_48h_up,Dnmt3b
WTvsKO_48h_up,Gm15417
WTvsKO_48h_up,Gm5544
WTvsKO_48h_up,Ampd1
WTvsKO_48h_up,Ppm1j
WTvsKO_48h_up,Cnn3
WTvsKO_48h_up,Gm42929
WTvsKO_48h_up,Slc39a8
WTvsKO_48h_up,Syde2
WTvsKO_48h_up,Chd7
WTvsKO_48h_up,Rragd
WTvsKO_48h_up,Nr4a3
WTvsKO_48h_up,Cct3-ps1
WTvsKO_48h_up,Hivep3
WTvsKO_48h_up,Ppt1
WTvsKO_48h_up,Rnf19b
WTvsKO_48h_up,Yars
WTvsKO_48h_up,Adgrb2
WTvsKO_48h_up,Snord99
WTvsKO_48h_up,Srm
WTvsKO_48h_up,Tnfrsf4
WTvsKO_48h_up,Cdk6
WTvsKO_48h_up,Yes1
WTvsKO_48h_up,Fgfr3
WTvsKO_48h_up,Rbpj
WTvsKO_48h_up,Amz1
WTvsKO_48h_up,Gm8579
WTvsKO_48h_up,Tes
WTvsKO_48h_up,2210408F21Rik
WTvsKO_48h_up,Repin1
WTvsKO_48h_up,AI854703
WTvsKO_48h_up,Tnip3
WTvsKO_48h_up,Gng12
WTvsKO_48h_up,Smyd5
WTvsKO_48h_up,Fbln2
WTvsKO_48h_up,Chl1
WTvsKO_48h_up,Gm44206
WTvsKO_48h_up,Dmwd
WTvsKO_48h_up,Dmpk
WTvsKO_48h_up,4732471J01Rik
WTvsKO_48h_up,Lins1
WTvsKO_48h_up,Aen
WTvsKO_48h_up,Lrrc32
WTvsKO_48h_up,Tead1
WTvsKO_48h_up,Tacc2
WTvsKO_48h_up,Bc1
WTvsKO_48h_up,9530052E02Rik
WTvsKO_48h_up,Tex15
WTvsKO_48h_up,Ppp1r3b
WTvsKO_48h_up,Mfhas1
WTvsKO_48h_up,Prag1
WTvsKO_48h_up,Acsl1
WTvsKO_48h_up,AW046200
WTvsKO_48h_up,Gm45356
WTvsKO_48h_up,Naf1
WTvsKO_48h_up,Pde4c
WTvsKO_48h_up,Il12rb1
WTvsKO_48h_up,Gpt2
WTvsKO_48h_up,Plekhg4
WTvsKO_48h_up,St3gal2
WTvsKO_48h_up,Gm26812
WTvsKO_48h_up,Gpr83
WTvsKO_48h_up,Gm47214
WTvsKO_48h_up,Gm5611
WTvsKO_48h_up,Sema7a
WTvsKO_48h_up,Adpgk
WTvsKO_48h_up,Gm23136
WTvsKO_48h_up,Rbpms2
WTvsKO_48h_up,Car12
WTvsKO_48h_up,Mei4
WTvsKO_48h_up,Cish
WTvsKO_48h_up,6430571L13Rik
WTvsKO_48h_up,Lrp11
WTvsKO_48h_up,Ptprk
WTvsKO_48h_up,Gm49339
WTvsKO_48h_up,Lilr4b
WTvsKO_48h_up,Lilrb4a
WTvsKO_48h_up,Gm9118
WTvsKO_48h_up,Pkib
WTvsKO_48h_up,Chchd10
WTvsKO_48h_up,Txnrd1
WTvsKO_48h_up,Fgd6
WTvsKO_48h_up,Tmcc3
WTvsKO_48h_up,Ifng
WTvsKO_48h_up,Gm49751
WTvsKO_48h_up,Mettl1
WTvsKO_48h_up,Gls2
WTvsKO_48h_up,Osm
WTvsKO_48h_up,Lif
WTvsKO_48h_up,Xbp1
WTvsKO_48h_up,Spred2
WTvsKO_48h_up,Hspd1-ps3
WTvsKO_48h_up,Fam71b
WTvsKO_48h_up,P4ha2
WTvsKO_48h_up,Gm12611
WTvsKO_48h_up,Tnfrsf13b
WTvsKO_48h_up,Adora2b
WTvsKO_48h_up,Coro6
WTvsKO_48h_up,Gm11714
WTvsKO_48h_up,Gm11655
WTvsKO_48h_up,Arsg
WTvsKO_48h_up,Pdia6
WTvsKO_48h_up,Sypl
WTvsKO_48h_up,Atxn7l1
WTvsKO_48h_up,Gm2027
WTvsKO_48h_up,Arhgap5
WTvsKO_48h_up,Gm17177
WTvsKO_48h_up,Klf6
WTvsKO_48h_up,Dip2c
WTvsKO_48h_up,Tcrg-C4
WTvsKO_48h_up,Gpld1
WTvsKO_48h_up,Dusp22
WTvsKO_48h_up,Irf4
WTvsKO_48h_up,Iars
WTvsKO_48h_up,Gadd45g
WTvsKO_48h_up,Gcnt4
WTvsKO_48h_up,Ercc8
WTvsKO_48h_up,Pck2
WTvsKO_48h_up,Mir17hg
WTvsKO_48h_up,Mir20a
WTvsKO_48h_up,Mir92-1
WTvsKO_48h_up,Gm49312
WTvsKO_48h_up,Gm41333
WTvsKO_48h_up,Syngr1
WTvsKO_48h_up,B130046B21Rik
WTvsKO_48h_up,Spats2
WTvsKO_48h_up,2900011O08Rik
WTvsKO_48h_up,Ydjc
WTvsKO_48h_up,Cd80
WTvsKO_48h_up,B4galt4
WTvsKO_48h_up,Pros1
WTvsKO_48h_up,Zdhhc14
WTvsKO_48h_up,Agpat4
WTvsKO_48h_up,Rab26os
WTvsKO_48h_up,Pim1
WTvsKO_48h_up,Tnfrsf21
WTvsKO_48h_up,Treml2
WTvsKO_48h_up,Crim1
WTvsKO_48h_up,Rhoq
WTvsKO_48h_up,AC154492.2
WTvsKO_48h_up,Jcad
WTvsKO_48h_up,Ttc39c
WTvsKO_48h_up,AC121821.1
WTvsKO_48h_up,Apcdd1
WTvsKO_48h_up,Pcx
WTvsKO_48h_up,Slc29a2
WTvsKO_48h_up,Fosl1
WTvsKO_48h_up,Rcor2
WTvsKO_48h_up,Gm25855
WTvsKO_48h_up,Gm23246
WTvsKO_48h_up,Vldlr
WTvsKO_48h_up,Foxp3
WTvsKO_48h_up,Gm4907
WTvsKO_48h_up,Lonrf3
WTvsKO_48h_up,Sh2d1a
WTvsKO_48h_up,Armcx4
WTvsKO_48h_up,Arhgap6
WTvsKO_48h_up,Slc39a10
WTvsKO_48h_up,Gm17767
WTvsKO_48h_up,Klf7
WTvsKO_48h_up,Abcb6
WTvsKO_48h_up,Dock10
WTvsKO_48h_up,Ncl
WTvsKO_48h_up,mmu-mir-3535
WTvsKO_48h_up,Gm24148
WTvsKO_48h_up,Tmem163
WTvsKO_48h_up,Dyrk3
WTvsKO_48h_up,Atp2b4
WTvsKO_48h_up,Nav1
WTvsKO_48h_up,Rgs1
WTvsKO_48h_up,Lamc1
WTvsKO_48h_up,Gm38009
WTvsKO_48h_up,Mpzl1
WTvsKO_48h_up,Slamf7
WTvsKO_48h_up,Enah
WTvsKO_48h_up,Atf3
WTvsKO_48h_up,Nr6a1
WTvsKO_48h_up,Neb
WTvsKO_48h_up,Cytip
WTvsKO_48h_up,Galnt3
WTvsKO_48h_up,Ptprj
WTvsKO_48h_up,Eif2s2
WTvsKO_48h_up,Tgm2
WTvsKO_48h_up,Lama5
WTvsKO_48h_up,Phc3
WTvsKO_48h_up,Slc7a11
WTvsKO_48h_up,Fnip2
WTvsKO_48h_up,Trim46
WTvsKO_48h_up,Hax1
WTvsKO_48h_up,Anxa9
WTvsKO_48h_up,Ptgfrn
WTvsKO_48h_up,Msh4
WTvsKO_48h_up,Rabggtb
WTvsKO_48h_up,Cth
WTvsKO_48h_up,Asph
WTvsKO_48h_up,C9orf72
WTvsKO_48h_up,Sigmar1
WTvsKO_48h_up,Coro2a
WTvsKO_48h_up,Susd1
WTvsKO_48h_up,Tle1
WTvsKO_48h_up,Rnf11
WTvsKO_48h_up,Gm26330
WTvsKO_48h_up,Mfsd2a
WTvsKO_48h_up,Sesn2
WTvsKO_48h_up,Gm12981
WTvsKO_48h_up,Rcan3
WTvsKO_48h_up,Ephb2
WTvsKO_48h_up,Tnfrsf8
WTvsKO_48h_up,Gm16008
WTvsKO_48h_up,Gm17590
WTvsKO_48h_up,Cldn12
WTvsKO_48h_up,Pus7
WTvsKO_48h_up,Tec
WTvsKO_48h_up,Gm43499
WTvsKO_48h_up,Tgfbr3
WTvsKO_48h_up,Evi5
WTvsKO_48h_up,Asns
WTvsKO_48h_up,Gm15473
WTvsKO_48h_up,Impdh1
WTvsKO_48h_up,Gm27019
WTvsKO_48h_up,Lncpint
WTvsKO_48h_up,5330406M23Rik
WTvsKO_48h_up,Hipk2
WTvsKO_48h_up,Rbpj-ps3
WTvsKO_48h_up,Hk2
WTvsKO_48h_up,Frmd4b
WTvsKO_48h_up,Gm20705
WTvsKO_48h_up,Eif4e3
WTvsKO_48h_up,Gm44104
WTvsKO_48h_up,Tulp3
WTvsKO_48h_up,BC035044
WTvsKO_48h_up,Ybx3
WTvsKO_48h_up,Eps8
WTvsKO_48h_up,Zbtb32
WTvsKO_48h_up,Slco3a1
WTvsKO_48h_up,Ntrk3
WTvsKO_48h_up,Fes
WTvsKO_48h_up,Furin
WTvsKO_48h_up,Abhd17c
WTvsKO_48h_up,Capn5
WTvsKO_48h_up,A630091E08Rik
WTvsKO_48h_up,P2ry2
WTvsKO_48h_up,Dennd5a
WTvsKO_48h_up,Mrvi1
WTvsKO_48h_up,Cdr2
WTvsKO_48h_up,Dusp8
WTvsKO_48h_up,H19
WTvsKO_48h_up,Cars
WTvsKO_48h_up,Rab20
WTvsKO_48h_up,Gm16793
WTvsKO_48h_up,Lonrf1
WTvsKO_48h_up,Gm9892
WTvsKO_48h_up,Nfix
WTvsKO_48h_up,Gcsh
WTvsKO_48h_up,Slc7a5
WTvsKO_48h_up,Aprt
WTvsKO_48h_up,Arid3b
WTvsKO_48h_up,Zfp609
WTvsKO_48h_up,Aqp9
WTvsKO_48h_up,Tent5a
WTvsKO_48h_up,Gm17040
WTvsKO_48h_up,Hemk1
WTvsKO_48h_up,Ccr4
WTvsKO_48h_up,Trim71
WTvsKO_48h_up,Cnksr3
WTvsKO_48h_up,Enpp1
WTvsKO_48h_up,Prdm1
WTvsKO_48h_up,Agpat3
WTvsKO_48h_up,Aldh1l2
WTvsKO_48h_up,Cfap54
WTvsKO_48h_up,Gm29684
WTvsKO_48h_up,Gm48880
WTvsKO_48h_up,Socs2
WTvsKO_48h_up,Xpot
WTvsKO_48h_up,Slc26a10
WTvsKO_48h_up,Mars
WTvsKO_48h_up,Shmt2
WTvsKO_48h_up,Ikzf4
WTvsKO_48h_up,Hormad2
WTvsKO_48h_up,Gm12020
WTvsKO_48h_up,Slc1a4
WTvsKO_48h_up,Npm1
WTvsKO_48h_up,Epn2
WTvsKO_48h_up,Cenpv
WTvsKO_48h_up,Kdm6b
WTvsKO_48h_up,C1qbp
WTvsKO_48h_up,Smtnl2
WTvsKO_48h_up,Cpd
WTvsKO_48h_up,Nle1
WTvsKO_48h_up,Ppm1e
WTvsKO_48h_up,Nme2
WTvsKO_48h_up,Tbkbp1
WTvsKO_48h_up,Tex2
WTvsKO_48h_up,Slc16a6
WTvsKO_48h_up,Fam20a
WTvsKO_48h_up,Tbc1d16
WTvsKO_48h_up,P4hb
WTvsKO_48h_up,Mafg
WTvsKO_48h_up,Pycr1
WTvsKO_48h_up,F730043M19Rik
WTvsKO_48h_up,Stxbp6
WTvsKO_48h_up,Egln3
WTvsKO_48h_up,Jag2
WTvsKO_48h_up,Gm35330
WTvsKO_48h_up,Gtpbp4
WTvsKO_48h_up,Wnk2
WTvsKO_48h_up,Gm6554
WTvsKO_48h_up,Nfil3
WTvsKO_48h_up,Ctla2a
WTvsKO_48h_up,Zfp131
WTvsKO_48h_up,Kcnk5
WTvsKO_48h_up,Bmpr1a
WTvsKO_48h_up,Cdv3-ps
WTvsKO_48h_up,Ero1l
WTvsKO_48h_up,Tgm1
WTvsKO_48h_up,Gzmb
WTvsKO_48h_up,Dleu7
WTvsKO_48h_up,Slc39a14
WTvsKO_48h_up,Dgkh
WTvsKO_48h_up,Gm48998
WTvsKO_48h_up,Spef2
WTvsKO_48h_up,Tars
WTvsKO_48h_up,Otulin
WTvsKO_48h_up,Snord83b
WTvsKO_48h_up,Snord43
WTvsKO_48h_up,Enthd1
WTvsKO_48h_up,Ddn
WTvsKO_48h_up,Ccdc116
WTvsKO_48h_up,Etv5
WTvsKO_48h_up,Maats1
WTvsKO_48h_up,Pdia2
WTvsKO_48h_up,1110038B12Rik
WTvsKO_48h_up,Tnf
WTvsKO_48h_up,Lta
WTvsKO_48h_up,Mir6974
WTvsKO_48h_up,Mrps18b
WTvsKO_48h_up,Efna5
WTvsKO_48h_up,Emilin2
WTvsKO_48h_up,Crem
WTvsKO_48h_up,Osbpl1a
WTvsKO_48h_up,Slc39a6
WTvsKO_48h_up,Hspa9
WTvsKO_48h_up,Hbegf
WTvsKO_48h_up,Diaph1
WTvsKO_48h_up,Lars
WTvsKO_48h_up,Zfp608
WTvsKO_48h_up,Nars
WTvsKO_48h_up,Alpk2
WTvsKO_48h_up,Lipg
WTvsKO_48h_up,Slc14a1
WTvsKO_48h_up,Setbp1
WTvsKO_48h_up,Slc3a2
WTvsKO_48h_up,Mir5136
WTvsKO_48h_up,Tmem109
WTvsKO_48h_up,Psat1
WTvsKO_48h_up,Aldh18a1
WTvsKO_48h_up,Rrp12
WTvsKO_48h_up,Mirt1
WTvsKO_48h_up,Gfra1
WTvsKO_48h_up,Clcn5
WTvsKO_48h_up,Firre
WTvsKO_48h_up,Hspa9-ps1
WTvsKO_48h_up,Gm14681
WTvsKO_48h_up,Slc7a3
WTvsKO_48h_up,Cysltr1
WTvsKO_48h_dn,Vwa3b
WTvsKO_48h_dn,Inpp4a
WTvsKO_48h_dn,Gm28177
WTvsKO_48h_dn,Stat1
WTvsKO_48h_dn,Pnkd
WTvsKO_48h_dn,Wnt10a
WTvsKO_48h_dn,Sp100
WTvsKO_48h_dn,Nuak2
WTvsKO_48h_dn,F730311O21Rik
WTvsKO_48h_dn,Lad1
WTvsKO_48h_dn,Tnnt2
WTvsKO_48h_dn,Gm19705
WTvsKO_48h_dn,Slamf6
WTvsKO_48h_dn,Aim2
WTvsKO_48h_dn,Ifi209
WTvsKO_48h_dn,Ifi208
WTvsKO_48h_dn,Gm18752
WTvsKO_48h_dn,Frmd4a
WTvsKO_48h_dn,Plxdc2
WTvsKO_48h_dn,Stkld1
WTvsKO_48h_dn,Adamtsl2
WTvsKO_48h_dn,Cstad
WTvsKO_48h_dn,Lypd6b
WTvsKO_48h_dn,Dapl1
WTvsKO_48h_dn,Rapgef4
WTvsKO_48h_dn,Itga4
WTvsKO_48h_dn,Gm13919
WTvsKO_48h_dn,Slc28a2
WTvsKO_48h_dn,Gm14086
WTvsKO_48h_dn,Gm14085
WTvsKO_48h_dn,Shld1
WTvsKO_48h_dn,Hck
WTvsKO_48h_dn,Tox2
WTvsKO_48h_dn,Spo11
WTvsKO_48h_dn,Zfp831
WTvsKO_48h_dn,Car2
WTvsKO_48h_dn,Tnik
WTvsKO_48h_dn,Mgst2
WTvsKO_48h_dn,Gm5538
WTvsKO_48h_dn,Serpini1
WTvsKO_48h_dn,Ctso
WTvsKO_48h_dn,Fcrl1
WTvsKO_48h_dn,Arhgef2
WTvsKO_48h_dn,Slc9b2
WTvsKO_48h_dn,Gbp7
WTvsKO_48h_dn,Gm43802
WTvsKO_48h_dn,Gbp3
WTvsKO_48h_dn,Gbp2
WTvsKO_48h_dn,Mcoln3
WTvsKO_48h_dn,Mcoln2
WTvsKO_48h_dn,Wls
WTvsKO_48h_dn,Trp53inp1
WTvsKO_48h_dn,Bach2
WTvsKO_48h_dn,Galt
WTvsKO_48h_dn,Creb3
WTvsKO_48h_dn,Slc44a1
WTvsKO_48h_dn,Gm11210
WTvsKO_48h_dn,8030451A03Rik
WTvsKO_48h_dn,Junos
WTvsKO_48h_dn,Patj
WTvsKO_48h_dn,Id3
WTvsKO_48h_dn,Dhrs3
WTvsKO_48h_dn,Gm13241
WTvsKO_48h_dn,Gm13146
WTvsKO_48h_dn,Tmem243
WTvsKO_48h_dn,Gsap
WTvsKO_48h_dn,Ablim2
WTvsKO_48h_dn,Jakmip1
WTvsKO_48h_dn,Gm1043
WTvsKO_48h_dn,Klf3
WTvsKO_48h_dn,Wdr19
WTvsKO_48h_dn,Kit
WTvsKO_48h_dn,Stap1
WTvsKO_48h_dn,Arhgap24
WTvsKO_48h_dn,Brdt
WTvsKO_48h_dn,A630023P12Rik
WTvsKO_48h_dn,Myo1h
WTvsKO_48h_dn,Oas1b
WTvsKO_48h_dn,Zcwpw1
WTvsKO_48h_dn,Chst12
WTvsKO_48h_dn,Glcci1
WTvsKO_48h_dn,Tmem140
WTvsKO_48h_dn,4930599N23Rik
WTvsKO_48h_dn,Rab19
WTvsKO_48h_dn,Gimap4
WTvsKO_48h_dn,Gimap1
WTvsKO_48h_dn,Mturn
WTvsKO_48h_dn,Gm45193
WTvsKO_48h_dn,Herc6
WTvsKO_48h_dn,Ccser1
WTvsKO_48h_dn,Cd8b1
WTvsKO_48h_dn,Gm20560
WTvsKO_48h_dn,Gm44178
WTvsKO_48h_dn,4933427D06Rik
WTvsKO_48h_dn,Cracr2a
WTvsKO_48h_dn,Gm43634
WTvsKO_48h_dn,Klrb1f
WTvsKO_48h_dn,Klrd1
WTvsKO_48h_dn,Pde6h
WTvsKO_48h_dn,Resf1
WTvsKO_48h_dn,Pglyrp1
WTvsKO_48h_dn,Gm12764
WTvsKO_48h_dn,2310043P16Rik
WTvsKO_48h_dn,Gm45552
WTvsKO_48h_dn,Nav2
WTvsKO_48h_dn,Gm32633
WTvsKO_48h_dn,Trpm1
WTvsKO_48h_dn,Igf1r
WTvsKO_48h_dn,Pde8a
WTvsKO_48h_dn,Gdpd5
WTvsKO_48h_dn,Trim34a
WTvsKO_48h_dn,Gm15133
WTvsKO_48h_dn,Trim34b
WTvsKO_48h_dn,Btbd16
WTvsKO_48h_dn,Lsp1
WTvsKO_48h_dn,Tnnt3
WTvsKO_48h_dn,Rnf122
WTvsKO_48h_dn,Ddx60
WTvsKO_48h_dn,Klf2
WTvsKO_48h_dn,Inpp4b
WTvsKO_48h_dn,Podnl1
WTvsKO_48h_dn,Nod2
WTvsKO_48h_dn,Adgrg5
WTvsKO_48h_dn,Sntb2
WTvsKO_48h_dn,Zfhx3
WTvsKO_48h_dn,Gm45353
WTvsKO_48h_dn,Casp1
WTvsKO_48h_dn,Sesn3
WTvsKO_48h_dn,Igsf9b
WTvsKO_48h_dn,Gm47680
WTvsKO_48h_dn,Cd3d
WTvsKO_48h_dn,Cadm1
WTvsKO_48h_dn,Dapk2
WTvsKO_48h_dn,Myo1e
WTvsKO_48h_dn,Gm15891
WTvsKO_48h_dn,Uba7
WTvsKO_48h_dn,Gm20661
WTvsKO_48h_dn,Itga9
WTvsKO_48h_dn,Tgm4
WTvsKO_48h_dn,Ccr9
WTvsKO_48h_dn,Cxcr6
WTvsKO_48h_dn,Gm33104
WTvsKO_48h_dn,Ifngr1
WTvsKO_48h_dn,Sgk1
WTvsKO_48h_dn,Samd3
WTvsKO_48h_dn,Sesn1
WTvsKO_48h_dn,Scml4
WTvsKO_48h_dn,Gm48670
WTvsKO_48h_dn,Smpdl3a
WTvsKO_48h_dn,Atcayos
WTvsKO_48h_dn,Tcp11l2
WTvsKO_48h_dn,5330438D12Rik
WTvsKO_48h_dn,4933412E12Rik
WTvsKO_48h_dn,Ctdsp2
WTvsKO_48h_dn,B4galnt1
WTvsKO_48h_dn,Pik3ip1
WTvsKO_48h_dn,Ccm2
WTvsKO_48h_dn,Gm11998
WTvsKO_48h_dn,Cnrip1
WTvsKO_48h_dn,Nsg2
WTvsKO_48h_dn,Ifi47
WTvsKO_48h_dn,Irf1
WTvsKO_48h_dn,Irgm2
WTvsKO_48h_dn,Xaf1
WTvsKO_48h_dn,Itgae
WTvsKO_48h_dn,Slfn2
WTvsKO_48h_dn,Slfn1
WTvsKO_48h_dn,Rnf43
WTvsKO_48h_dn,Wnt3
WTvsKO_48h_dn,Itgb3
WTvsKO_48h_dn,Map3k3
WTvsKO_48h_dn,Milr1
WTvsKO_48h_dn,Map2k6
WTvsKO_48h_dn,Rab37
WTvsKO_48h_dn,Fam49a
WTvsKO_48h_dn,Gm31508
WTvsKO_48h_dn,Gm47545
WTvsKO_48h_dn,Syne2
WTvsKO_48h_dn,1300014J16Rik
WTvsKO_48h_dn,Susd6
WTvsKO_48h_dn,Serpina3f
WTvsKO_48h_dn,Serpina3g
WTvsKO_48h_dn,Evl
WTvsKO_48h_dn,Nid1
WTvsKO_48h_dn,Cmah
WTvsKO_48h_dn,Ripor2
WTvsKO_48h_dn,Dsp
WTvsKO_48h_dn,Slc6a19os
WTvsKO_48h_dn,Slc12a7
WTvsKO_48h_dn,Glrx
WTvsKO_48h_dn,Ankrd55
WTvsKO_48h_dn,Emb
WTvsKO_48h_dn,Gm41077
WTvsKO_48h_dn,BC147527
WTvsKO_48h_dn,1810062O18Rik
WTvsKO_48h_dn,Lrmda
WTvsKO_48h_dn,Arhgap22
WTvsKO_48h_dn,Peli2
WTvsKO_48h_dn,Zfp395
WTvsKO_48h_dn,Rcbtb2
WTvsKO_48h_dn,Lpar6
WTvsKO_48h_dn,Epsti1
WTvsKO_48h_dn,Fyb
WTvsKO_48h_dn,Cpq
WTvsKO_48h_dn,Gm46516
WTvsKO_48h_dn,Gm39556
WTvsKO_48h_dn,Ly6e
WTvsKO_48h_dn,Gsdmd
WTvsKO_48h_dn,Apol7e
WTvsKO_48h_dn,Gm8233
WTvsKO_48h_dn,Gm18911
WTvsKO_48h_dn,D730005E14Rik
WTvsKO_48h_dn,Pced1b
WTvsKO_48h_dn,Hmox2
WTvsKO_48h_dn,Ciita
WTvsKO_48h_dn,Gm26822
WTvsKO_48h_dn,Klhl24
WTvsKO_48h_dn,Rtp4
WTvsKO_48h_dn,Cd200r4
WTvsKO_48h_dn,B3galt5
WTvsKO_48h_dn,Ccr6
WTvsKO_48h_dn,Pacsin1
WTvsKO_48h_dn,Dnah8
WTvsKO_48h_dn,Tapbp
WTvsKO_48h_dn,H2-Oa
WTvsKO_48h_dn,Prrt1
WTvsKO_48h_dn,Gm6034
WTvsKO_48h_dn,Nfkbie
WTvsKO_48h_dn,Trerf1
WTvsKO_48h_dn,Ccnd3
WTvsKO_48h_dn,Gm37266
WTvsKO_48h_dn,AC161258.2
WTvsKO_48h_dn,Ehd3
WTvsKO_48h_dn,Gramd3
WTvsKO_48h_dn,Gm4951
WTvsKO_48h_dn,Gm5970
WTvsKO_48h_dn,F830016B08Rik
WTvsKO_48h_dn,Iigp1
WTvsKO_48h_dn,Cd74
WTvsKO_48h_dn,Ldlrad4
WTvsKO_48h_dn,Cd226
WTvsKO_48h_dn,Cdk2ap2
WTvsKO_48h_dn,Slc25a45
WTvsKO_48h_dn,Ms4a4c
WTvsKO_48h_dn,Ms4a4b
WTvsKO_48h_dn,Ms4a6b
WTvsKO_48h_dn,Fas
WTvsKO_48h_dn,Ifit3
WTvsKO_48h_dn,Gm6776
WTvsKO_48h_dn,Casp7
WTvsKO_48h_dn,Gria3
WTvsKO_48h_dn,Trpa1
WTvsKO_48h_dn,Gm28836
WTvsKO_48h_dn,Sema4c
WTvsKO_48h_dn,Pgap1
WTvsKO_48h_dn,Rftn2
WTvsKO_48h_dn,Ica1l
WTvsKO_48h_dn,Gm11579
WTvsKO_48h_dn,Gm29113
WTvsKO_48h_dn,Ikzf2
WTvsKO_48h_dn,Gm29112
WTvsKO_48h_dn,Gm28112
WTvsKO_48h_dn,Fam124b
WTvsKO_48h_dn,Gm28100
WTvsKO_48h_dn,Ikbke
WTvsKO_48h_dn,Tmcc2
WTvsKO_48h_dn,Lax1
WTvsKO_48h_dn,Btg2
WTvsKO_48h_dn,Gm33994
WTvsKO_48h_dn,Xcl1
WTvsKO_48h_dn,Gm37065
WTvsKO_48h_dn,Ifi206
WTvsKO_48h_dn,Ifi214
WTvsKO_48h_dn,Ifi213
WTvsKO_48h_dn,Ifi204
WTvsKO_48h_dn,Ifi203-ps
WTvsKO_48h_dn,Mndal
WTvsKO_48h_dn,Ifi211
WTvsKO_48h_dn,Ifi203
WTvsKO_48h_dn,Ifi205
WTvsKO_48h_dn,Traf5
WTvsKO_48h_dn,Traf3ip3
WTvsKO_48h_dn,Hsd11b1
WTvsKO_48h_dn,Nebl
WTvsKO_48h_dn,Cfap77
WTvsKO_48h_dn,Fam78a
WTvsKO_48h_dn,Gm16534
WTvsKO_48h_dn,Traf1
WTvsKO_48h_dn,Nmi
WTvsKO_48h_dn,Ccdc148
WTvsKO_48h_dn,Dpp4
WTvsKO_48h_dn,Ifih1
WTvsKO_48h_dn,Ttn
WTvsKO_48h_dn,Pla2g4f
WTvsKO_48h_dn,Bambi-ps1
WTvsKO_48h_dn,Kcnip3
WTvsKO_48h_dn,AI847159
WTvsKO_48h_dn,Sla2
WTvsKO_48h_dn,Samhd1
WTvsKO_48h_dn,Platr29
WTvsKO_48h_dn,Atp9a
WTvsKO_48h_dn,Zbp1
WTvsKO_48h_dn,Gm43672
WTvsKO_48h_dn,Ift80
WTvsKO_48h_dn,Gm20691
WTvsKO_48h_dn,Gm48183
WTvsKO_48h_dn,Gucy1a1
WTvsKO_48h_dn,Fam160a1
WTvsKO_48h_dn,Gm37240
WTvsKO_48h_dn,Cd1d1
WTvsKO_48h_dn,Syt11
WTvsKO_48h_dn,1500004A13Rik
WTvsKO_48h_dn,Cd160
WTvsKO_48h_dn,Csf1
WTvsKO_48h_dn,S1pr1
WTvsKO_48h_dn,A930005H10Rik
WTvsKO_48h_dn,St6galnac3
WTvsKO_48h_dn,1700012D16Rik
WTvsKO_48h_dn,A530083M17Rik
WTvsKO_48h_dn,1700015C17Rik
WTvsKO_48h_dn,4930597L12Rik
WTvsKO_48h_dn,Ddx58
WTvsKO_48h_dn,Tnfsf8
WTvsKO_48h_dn,Cd52
WTvsKO_48h_dn,Tnfrsf14
WTvsKO_48h_dn,Mxd4
WTvsKO_48h_dn,Tlr1
WTvsKO_48h_dn,Tlr6
WTvsKO_48h_dn,Txk
WTvsKO_48h_dn,Igfbp7
WTvsKO_48h_dn,Rasgef1b
WTvsKO_48h_dn,Abcg3
WTvsKO_48h_dn,Gbp8
WTvsKO_48h_dn,Gbp9
WTvsKO_48h_dn,Gbp4
WTvsKO_48h_dn,Gm43302
WTvsKO_48h_dn,Gbp10
WTvsKO_48h_dn,Gbp6
WTvsKO_48h_dn,2900026A02Rik
WTvsKO_48h_dn,Oas1a
WTvsKO_48h_dn,Ncf1
WTvsKO_48h_dn,Gtf2i
WTvsKO_48h_dn,Slc46a3
WTvsKO_48h_dn,N4bp2l1
WTvsKO_48h_dn,Gm43196
WTvsKO_48h_dn,Gm20559
WTvsKO_48h_dn,Gm43197
WTvsKO_48h_dn,Samd9l
WTvsKO_48h_dn,A430035B10Rik
WTvsKO_48h_dn,Parp12
WTvsKO_48h_dn,Nod1
WTvsKO_48h_dn,Gm44175
WTvsKO_48h_dn,Mxd1
WTvsKO_48h_dn,Gm44292
WTvsKO_48h_dn,Abtb1
WTvsKO_48h_dn,Apobec1
WTvsKO_48h_dn,Cd27
WTvsKO_48h_dn,Mir8113
WTvsKO_48h_dn,St8sia1
WTvsKO_48h_dn,Gm15927
WTvsKO_48h_dn,Zfp784
WTvsKO_48h_dn,Zfp773
WTvsKO_48h_dn,Pou2f2
WTvsKO_48h_dn,Pgpep1l
WTvsKO_48h_dn,Arrdc4
WTvsKO_48h_dn,Gm16638
WTvsKO_48h_dn,Il16
WTvsKO_48h_dn,Art2a-ps
WTvsKO_48h_dn,Art2b
WTvsKO_48h_dn,Trim21
WTvsKO_48h_dn,Trim5
WTvsKO_48h_dn,Trim12a
WTvsKO_48h_dn,Trim12c
WTvsKO_48h_dn,Gm4070
WTvsKO_48h_dn,Gm18852
WTvsKO_48h_dn,Gvin1
WTvsKO_48h_dn,Gm18853
WTvsKO_48h_dn,Gm4759
WTvsKO_48h_dn,Gm8995
WTvsKO_48h_dn,Gm1966
WTvsKO_48h_dn,4933406I18Rik
WTvsKO_48h_dn,Fam53b
WTvsKO_48h_dn,Irf7
WTvsKO_48h_dn,1700029H14Rik
WTvsKO_48h_dn,Rasa3
WTvsKO_48h_dn,Neil3
WTvsKO_48h_dn,Gm45418
WTvsKO_48h_dn,Il15
WTvsKO_48h_dn,9330175E14Rik
WTvsKO_48h_dn,Cbfa2t3
WTvsKO_48h_dn,Endod1
WTvsKO_48h_dn,Kdm4d
WTvsKO_48h_dn,Ap1m2
WTvsKO_48h_dn,Nrgn
WTvsKO_48h_dn,Gm48129
WTvsKO_48h_dn,Crtam
WTvsKO_48h_dn,Sorl1
WTvsKO_48h_dn,Cd3g
WTvsKO_48h_dn,Tspan3
WTvsKO_48h_dn,Lingo1
WTvsKO_48h_dn,Gm37660
WTvsKO_48h_dn,Gm27253
WTvsKO_48h_dn,Acpp
WTvsKO_48h_dn,Nudt16
WTvsKO_48h_dn,Tmie
WTvsKO_48h_dn,Lztfl1
WTvsKO_48h_dn,Ipcef1
WTvsKO_48h_dn,Utrn
WTvsKO_48h_dn,Gm33728
WTvsKO_48h_dn,Gm26740
WTvsKO_48h_dn,Hmgb1-ps8
WTvsKO_48h_dn,Gm26528
WTvsKO_48h_dn,Ncoa7
WTvsKO_48h_dn,Chst3
WTvsKO_48h_dn,Cabcoco1
WTvsKO_48h_dn,Gm47015
WTvsKO_48h_dn,Atcay
WTvsKO_48h_dn,Elk3
WTvsKO_48h_dn,Gm33843
WTvsKO_48h_dn,Kcnmb4
WTvsKO_48h_dn,Ifngas1
WTvsKO_48h_dn,Dgka
WTvsKO_48h_dn,Eldr
WTvsKO_48h_dn,Il9r
WTvsKO_48h_dn,Gm12185
WTvsKO_48h_dn,9930111J21Rik1
WTvsKO_48h_dn,Tgtp1
WTvsKO_48h_dn,9930111J21Rik2
WTvsKO_48h_dn,Tgtp2
WTvsKO_48h_dn,Gm26551
WTvsKO_48h_dn,Tcf7
WTvsKO_48h_dn,Gm12216
WTvsKO_48h_dn,Ntn1
WTvsKO_48h_dn,Nlrp1b
WTvsKO_48h_dn,Rap1gap2
WTvsKO_48h_dn,Evi2a
WTvsKO_48h_dn,Slfn8
WTvsKO_48h_dn,Pdk2
WTvsKO_48h_dn,Gm11613
WTvsKO_48h_dn,Arl5c
WTvsKO_48h_dn,Ccr7
WTvsKO_48h_dn,Limd2
WTvsKO_48h_dn,Pecam1
WTvsKO_48h_dn,Pitpnc1
WTvsKO_48h_dn,Timp2
WTvsKO_48h_dn,Cep295nl
WTvsKO_48h_dn,2310015A10Rik
WTvsKO_48h_dn,Gm47941
WTvsKO_48h_dn,Kcnk10
WTvsKO_48h_dn,Ifi27l2a
WTvsKO_48h_dn,Gm16086
WTvsKO_48h_dn,Gm26583
WTvsKO_48h_dn,Ighj2
WTvsKO_48h_dn,Ryr2
WTvsKO_48h_dn,Lgals8
WTvsKO_48h_dn,Gm11342
WTvsKO_48h_dn,Gm11346
WTvsKO_48h_dn,Nrn1
WTvsKO_48h_dn,Klhl3
WTvsKO_48h_dn,Slc6a19
WTvsKO_48h_dn,Parp8
WTvsKO_48h_dn,Gm47782
WTvsKO_48h_dn,1700062C10Rik
WTvsKO_48h_dn,Gm30054
WTvsKO_48h_dn,Sh3bp5
WTvsKO_48h_dn,Colq
WTvsKO_48h_dn,Gm49387
WTvsKO_48h_dn,Gm43647
WTvsKO_48h_dn,Slc22a17
WTvsKO_48h_dn,Phf11b
WTvsKO_48h_dn,Dleu2
WTvsKO_48h_dn,Gm37420
WTvsKO_48h_dn,Gm37472
WTvsKO_48h_dn,Cysltr2
WTvsKO_48h_dn,Serp2
WTvsKO_48h_dn,Dnajc15
WTvsKO_48h_dn,Tbc1d4
WTvsKO_48h_dn,Dzip1
WTvsKO_48h_dn,1810041H14Rik
WTvsKO_48h_dn,Gpr183
WTvsKO_48h_dn,Card6
WTvsKO_48h_dn,Ncald
WTvsKO_48h_dn,Gm15941
WTvsKO_48h_dn,Gm34794
WTvsKO_48h_dn,Sntb1
WTvsKO_48h_dn,Fbxo32
WTvsKO_48h_dn,Gm2682
WTvsKO_48h_dn,Asap1
WTvsKO_48h_dn,Kcnq3
WTvsKO_48h_dn,Tmem71
WTvsKO_48h_dn,Sla
WTvsKO_48h_dn,Lynx1
WTvsKO_48h_dn,2010109I03Rik
WTvsKO_48h_dn,Apol7b
WTvsKO_48h_dn,Card10
WTvsKO_48h_dn,A430088P11Rik
WTvsKO_48h_dn,Amigo2
WTvsKO_48h_dn,Pou6f1
WTvsKO_48h_dn,Rarg
WTvsKO_48h_dn,Calcoco1
WTvsKO_48h_dn,Nmral1
WTvsKO_48h_dn,Bcl6
WTvsKO_48h_dn,AC169509.1
WTvsKO_48h_dn,Gm31814
WTvsKO_48h_dn,Parp14
WTvsKO_48h_dn,Gm49730
WTvsKO_48h_dn,Gm49662
WTvsKO_48h_dn,Cd86
WTvsKO_48h_dn,Dscam
WTvsKO_48h_dn,Rgmb
WTvsKO_48h_dn,Zfp945
WTvsKO_48h_dn,Prss30
WTvsKO_48h_dn,Baiap3
WTvsKO_48h_dn,CR974462.4
WTvsKO_48h_dn,Gm26510
WTvsKO_48h_dn,Galnt14
WTvsKO_48h_dn,Xdh
WTvsKO_48h_dn,AC091309.5
WTvsKO_48h_dn,Nrg2
WTvsKO_48h_dn,Ticam2
WTvsKO_48h_dn,Ppic
WTvsKO_48h_dn,Gm4841
WTvsKO_48h_dn,AC132320.1
WTvsKO_48h_dn,Spink13
WTvsKO_48h_dn,Mppe1
WTvsKO_48h_dn,Npas4
WTvsKO_48h_dn,AC124502.5
WTvsKO_48h_dn,Ctsw
WTvsKO_48h_dn,Gm8189
WTvsKO_48h_dn,BE692007
WTvsKO_48h_dn,Gm19261
WTvsKO_48h_dn,Ms4a6d
WTvsKO_48h_dn,A330040F15Rik
WTvsKO_48h_dn,Gm6545
WTvsKO_48h_dn,Tjp2
WTvsKO_48h_dn,Plgrkt
WTvsKO_48h_dn,Ifit1bl1
WTvsKO_48h_dn,Ifit1bl2
WTvsKO_48h_dn,L1cam
WTvsKO_48h_dn,Gm5763
WTvsKO_48h_dn,Tlr7
